Contact List,,,,,,,,,,
,,,,,,,,,,
,,,,,,,,,,
LOCATIONS IN THE UNITED STATES ,,,,,,,,,,
,,,,,,,,,,
Location #,Name,Address,City ,State,Zip Code,Phone #,,,,
,Islamic Center of Durham,2608 Carver STE A ,Durham,NC,27705,919- 477-7623,,,,
,Masjid Araf,135 State St. ACS,Auburn,NY,13021,N/A,,,,
,Abudujanh masjid,1825 E. Lake St.,Minneapolis,MN,55407,612-872-0000,,,,
,"Abukhadra Masjid, ICM",4056 7TH Ave. NE,Minneapolis,MN,55421,763-571-5604,,,,
,Afghan Islamic Center,89 Brandywine Ave.,Schenectady,NY,12308,518-374-2364,,,,
,Ahmedabad West Masjid,242 Sheikh Jilani Lane,Phenix,VA,23963,434-248-6016,,,,
,Al-Salam Mosque,3247 W. 63 Rd. Street,Chicago,IL,60629,773-925- 0677,,,,
,Akron Masjid,1147 Old Main St.,Akron,OH,44301,330-374-9799,,,,
,Al Farroq Masjid,434 14th St Nw,Atlanta,GA,30318,404-815-0894,,,,
,Hilal Islamic Center,8741 Laurel Canyon Blvd,Sun Valley,CA,91352,818-954-0208,,,,
,Al Madina Masjid,55 Manor Drive Basement,Newark,NJ,0 7106,N/A,,,,
,Al Masjid,1022 1st St.,West Lafayette,IN,47906,765-743-8650,,,,
,Al Masjid Al Jaamina,1390 Bedford Ave.,Brooklyn,NY,11216,N/A,,,,
,Al Noor Masjid,3496 Polynesian Isles,Kissimmee,FL,34746,407-787-0079,,,,
,Al Qouba Masjid,1925 Allen Ave.,Saint Louis,MO,63104,314-771-3548,,,,
,Al Rahman Masjid,333 - 86 Street,Brooklyn,NY,11209,718-748-2540,,,,
,Al-Aqsa,1501 Germantown Aven,Philadelphia,PA,19122,215-765-2743,,,,
,Al-Falah Masjid,4151 W. 3rd Street,Los Angeles,CA,90020,213-487-1556,,,,
,Al-Farook Mosque,552-4 Atlantic Aven,Brooklyn,NY,11217,718-488-8711,,,,
,Al-Farooq Masjid ,442 14th St NW,Atlanta,GA,30318,404-874-7521,,,,
,Al-Farooq Mosque,1421 4th Avenue South,Nashville,TN,37210,615- 313-8844,,,,
,Al-Farooq Mosque,2156 E. 71st St,Chicago,IL,60649,773-752-2015,,,,
,Al-Hilal Masjid,912 W. 15th Lane,Portales,NM,88120,575-562-3102,,,,
,Al-Iman,1812 West Benton Street,Iowa City,IA,52246,319-354-6167,,,,
,Al-Iman Mosque,500S E 9th street,Belle Glade,FL,33430,561-996-6411,,,,
,Al-Jameel Masjid,4 N 251 North Swift Roa,Addison,IL,60101,630-268-8007,,,,
,Al-Khair,1910 Elsham ave,Edinburg,TX,78539,956-682-8278,,,,
,Al-Masjid Al-Awwal,1911 Wylie Ave,Pittsburgh,PA,15219,412-434-7979,,,,
,Al-masjid Al-jamia,806 St. Johns Place,Brooklyn,NY,11216,N/A,,,,
,Al-masjid Ul-ummat As-salaam,3422 West 159th Street,Harvey,IL,60426,N/A,,,,
,Al-Mustafa Masjid,206 East 116 Street,New York,NY,10029,212-831-0228,,,,
,Al-Noor Masjid,6443 Prestwood,Houston,TX,77081,713-779-1304,,,,
,Al-Osman & Hamid JAME Masjid,3917 Greenpoint Avenue,Sunnyside,NY,11104,718-361-7682,,,,
,Al-Qubbatu Al-Khadra Masjid,1009 Hwy 332,Birmingham,AL,35124,205-620-5545,,,,
,Al-Sabeel / Masjid Noor Al-Islam,48 Golden Gate Avenue,San Francisco,CA,94102,415-292-9709,,,,
,Albanian Islamic Center,19775 Harper Ave.,Harper Woods,MI,48225,313-884-6676,,,,
,Albanian Islamic Center,5825 St Charles Rd / Taft,Hillside,IL,60163,708-544-2609,,,,
,Greenway Masjid,6724 West Greenway Rd.,Peoria,AZ,85381,N/A,,,,
,Albany Masjid of Al-Islam,813 W. Highland Ave.,Albany,GA,31701,229-436-6326,,,,
,Aldawah Mosque,35-13 23rd avenue,Astoria,NY,11105,718-274-2474,,,,
,Alianza Islamica ,287 Alexander Ave.,Bronx,NY,10451,718 292-9013,,,,
,Almeda Masjid,6923 Almeda Road,Houston,TX,77021,713-741-7547,,,,
,Almuhagereen Islamic Center,185 Folsom Ave.,Hayward,CA,94544,510-786-0313,,,,
,An-Nur Academy,9150 Lanham Severn Rd.,Lanham,MD,20706,301-459-4942,,,,
,American Islamic Association Inc,8860 St. Francis,Frankfort,IL,60423,815-469-1551,,,,
,American Islamic Of Antelope Valley,1125 East Palmdale Blvd,Palmdale,CA,93550,661-224-1111,,,,
,Dearborn Masjid,"9945 W. Vernor Hwy.,",Dearborn,MI,48120,313-849-2147,,,,
,Masjid of Detroit,20823 West Chicago Street,Detroit,MI,48323,313-653-4185,,,,
,An Nur Masjid,2124 S Birch,Denver,CO,80222,303-759-1985,,,,
,Annoor Mosque,100 13th Street,Knoxville,TN,37916,865-637-8172,,,,
,Annur Islamic School,6990 65th St.,Sacramento,CA,95823,916-392-6687,,,,
,Masjid Al-Nur,318 Pilgrim St,Highland Park,MI,48203,313-867-9428,,,,
,Ar-Rahman,15West 29 Street,New York,NY,10001,917-705-6377,,,,
,AR-RAHMAN,7641 Sierra Ave,Fontana,CA,92336,909-355-4900,,,,
,Ar-Rribat Al-Islami Center,7173 Saranac St # 204,San Diego,CA,92115,619-589-6200,,,,
,AS-Siddiq,117-27 133rd Street,South Ozone Park,NY,11420,718-322-7848,,,,
,Asheboro masjid,203 Brittian St,Asheboro,NC,27203,N/A,,,,
,Hifz Masjid,618 Barringer Lane,Houston,TX,77598,281-480-2800,,,,
,Assafa Islamic center,172 Allen Street,New York ,NY,10002,N/A,,,,
,Masjid Baitul Mukarram,22-21 33rd street,Astoria,NY,11105,718-204-7562,,,,
,Auburn Islamic Center,338 Armstrong St,Auburn,AL,36830,334-821-8307,,,,
,Baba masjid,334 west chicago ave,Chicago,IL,60610,312-867-7777,,,,
,Badr Islamic Center,4222 W. Alamos # 101 ,Fresno,CA,93722,559-274-0906,,,,
,Bait ul Mukarram,12225 Centralia St.,Lakewood,CA,90715,562-402-7443,,,,
,Baitu Salam Masjid,1020 W Sheridan Rd.,Chicago,IL,60625,708-257-9297,,,,
,Baitul Aman Islamic Center,2351 New Bold Ave,Bronx,NY,10462,718-904-8828,,,,
,Baitul Hamd,31-39 94st,East Elmhurst,NY,11369,718-639-3175,,,,
,Baitul Mukarram Masjid,18 South 43rd Street,Philadelphia,PA,19104,215-386-6353,,,,
,Baitul Mukarram Masjid,12203 Conant Avenue,Detroit,MI,48212,313-893-7595,,,,
,Baitul Mukkaram Ma,2116 S Nelson St,Arlington,VA,22204,703-778-1550,,,,
,Baitur Rahmah Masjid,Ralph Ave. 1st floor,Brooklyn,NY,11221,718-452-2932,,,,
,Baitus Salaam Jame Masjid,2703 Decatour Ave,Bronx,NY,10458,N/A,,,,
,Baitush Sharaf Jame Masjid,645 Washington Ave,Brooklyn,NY,11238,718-398-4579,,,,
,Islamic Community Center of Laurel,7306 Contee Road,Laurel,MD,20707,301-317-4584,,,,
,Baltimore Masjid,514 Islamic Way,Baltimore,MD,21217,410-728-1363,,,,
,Masjid,105 Cortelyou Road,Brooklyn,NY,11218,718-436-4210,,,,
,Masjid,2839 Truman Drive,Hatfield,PA,19440,215-362-5771,,,,
,Batavia Islamic Center,SE corner of Route 31 / Main Street,Batavia,IL,60510,630-879-0889,,,,
,Batiul Islam Masjid,2107 Davidson Ave,Bronx,NY,10453,N/A,,,,
,Bilal Mosque,1733 Route 9,Toms River,NJ,0 8755,732-286-0300,,,,
,Bilal Mosque,4115 SW 160th Ave,Beaverton,OR,97007,503-591-7233,,,,
,Blytheville Masjid,1111 S Division St,Blytheville,AR,72315,870-780-6222,,,,
,Bolingbrook Masjid,560 East North Frontage Road,Bolingbrook,IL,60440,630-972-0701,,,,
,Bonita Springs Islamic Center,3300 Bonita Beach RD Ste#154,Bonita Springs,FL,34134,239-821-3969,,,,
,Masjid Annasr,50 East Tremont Avenue,Bronx,NY,10453,718-450-3762,,,,
,Bullhead Islamic Center,1543 Trane RD,Bullhead City,AZ,86442,928-758-9234,,,,
,Burnsville Masjid,1351 Riverwood Drive,Burnsville,MN,55337,952-882-9343,,,,
,Canarsie Islamic Center,959 East 85th Street,Brooklyn,NY,11236,718-444-1544,,,,
,Chamblee Masjid,3301 Henderson Mill Rd. #P2,Atlanta,GA,30341,N/A,,,,
,Masjid As-Salaam,16700 Old Louetta Road ,Spring,TX,77379,281-257-2575,,,,
,Chino Musalla,3873 Schaefer Ave Unit # L,Chino,CA,91710,909-803-7108,,,,
,Cobble Creek masjid,140 Stevens Dr #202,Ypsilanti,MI,48197,734-487-1911,,,,
,Concord Dar Ul Islam Masjid,4115 Concord Blvd,Concord,CA,94519,925-798-5558,,,,
,Daar-Ul-Islam Masjid,517 Weidman Rd,Ballwin,MO,63011,636-394-7878,,,,
,Danbury Masjid -- ISWC,388 Main Street,Danbury,CT,0 6810,203-744-1328,,,,
,Danville Masjid and Islamic Center,259 Piney Forest Road,Danville,VA,24541,434-793-4016,,,,
,Dar Abi Bakr,329- East Plum Street,Mankato,MN,56001,507-386-1797,,,,
,Dar Al Hijrah Islamic Center,3159 Row St,Falls Church,VA,22044,703-536-1030,,,,
,Dar Al Qur'aan,"10887 Venice Blvd , 2nd Floor",Los Angeles,CA,90034,N/A,,,,
,Dar al-Taqwa,10740 Clarkesville Pike,Ellicott City,MD,21042,410-997-5711,,,,
,Dar Alhuda Islamic Center,1245 karla,Hurst,TX,76053,817-280-0201,,,,
,Dar As-Sunaah Islamic Center,N/A,Ahoskie,NC,27910,252-587-1997,,,,
,Dar El- Eman,5511 Mansfield Road,Arlington,TX,76017,817-466-0505,,,,
,Abubaker Mosque,948 62nd Street,Oakland,CA,94609,510-653-8028,,,,
,Dar-Alarqam,6210 188th Street SW,Lynnwood,WA,98036,425-774-8852,,,,
,Dar-us-Salam Masjid,90 Dempsey Rd,Milpitas,CA,95050,408-719-9010,,,,
,Darul Falah,14712 Bentley Circle,Tustin,CA,92780,714-838-2325,,,,
,Darul Furqan,35-06 72nd Street Box A,Jackson Heights,NY,11372,718-205-2930,,,,
,Darul Islah Masjid,320 Fabry Terrace,Teaneck,NJ,0 7666,201-692-7730,,,,
,Darul Jannah Masjid,6 Avenue C,Brooklyn,NY,11218,718-437-9848,,,,
,Darul Uloom Florida,2350 Old Vineland Rd,Kissimmee,FL,34746,407-390-1100,,,,
,Darul Uloom Harunia,186 Hill Circle,Calverton,NY,11933,631-727-5709,,,,
,Darul Uloom Masjid,7050 Pines Blvd,Hollywood,FL,33024,954-963-9514,,,,
,DARUL-QUBA,1511 S 4TH STREET,Minneapolis,MN,55454,612-332-0104,,,,
,Darul-uloom Al-Islaamiyah of America,2012 Mallory Street,San Bernardino,CA,92405,909-880-0201,,,,
,Darus Salaam Masjid NY Inc,"148-16,87th Road jamaica NY11435",Jamaica,NY,11435,718-558-6111,,,,
,Darus Salam Masjid,3122 Cruse Road,Lawrenceville,GA,30044,770-682-7044,,,,
,Darut Touheed (masjid Touheed),124-07 Jamaica Ave. ,Richmond Hill,NY,11418,718-805-1221,,,,
,Islamic Center of Dayton,2277 Maue Rd.,Miamisburg,OH,45342,937-247-0350,,,,
,Denullah Masjid Inc,69 Van Ness Pl,Newark,NJ,0 7108,N/A,,,,
,Detroit Masjid,18100 Meyers Rd,Detroit,MI,48235,N/A,,,,
,Masjid Dar El-Salam,"20 Jones Street, 3rd Floor",San Francisco,CA,94102,415-863-7997,,,,
,Dyewood Islamic Society Of N. America,5271 N Dyewood Dr,Flint,MI,48532,313-230-9226,,,,
,Masjid At-Tawheed,9011 Elk Grove Florin Rd.,Elk Grove,CA ,95624,916-686-9519,,,,
,Fairfield Mosque,902 Union Ave,Fairfield,CA,94533,707-426-5768,,,,
,Masjid Ul Jamie,373 Alta Vista Dr,South San Francisco,CA,94080,650-876-9763,,,,
,Flatbush Islamic Center (Dar Al Arqam),1288 nostrand ave.,Brooklyn,NY,11226,N/A,,,,
,Flint Islamic Center,9447 Corunna Road,Flint,MI,48532,810-635-9099,,,,
,Fort Stewart Islamic Center,BLDG # 9182,Fort Stewart,GA,31314,(912)767-0598,,,,
,Frisco Masjid,"6890 W.Main Street, Suite B",Frisco,TX,75034,972-999-1906,,,,
,Gary Masjid,1473 W. 15th Ave,Notre Dame,IN,46556,219-885-3018,,,,
,Georgia Islamic Institute,177 Simonton Road,Lawrenceville,GA,30045,770-339-1122,,,,
,Golden Masjid,9th and Mitchell,Portales,NM,88130,505-359-6874,,,,
,Georgia Islamic Center,177 Simonton road,Lawrenceville,GA,30043,770-339-1122,,,,
,Greenview Madani Center (Masjid),3496 Greenview Drive,Lawrenceville,GA,30043,404-993-3400,,,,
,Hamzah Islamic Center,"1350 Union Hill Road, S-B",Alpharetta,GA,30004,678-366-3711,,,,
,Hancock Masjid,2732 Roods Creek Rd. Bldg 29,Hancock,NY,13783,607-467-1899,,,,
,Harrisburg Masjid,200 South 17th Street,Harrisburg,PA,17104,717-232-4545,,,,
,Hendersonville Masjid,919 West Main Street L-6,Hendersonville,TN,37075,N/A,,,,
,Hercules Musallah,"B 8, 1500 Sycamore Avenue",Hercules,CA,94547,N/A,,,,
,Hillside Islamic Center,300 Hillside Avenue,New Hyde Park,NY,11040,516-488-6440,,,,
,Huntsville Islamic Center,1645 Sparkman Dr Nw,Huntsville,AL,35816,256-721-1712,,,,
,Ibnu Taymaya Masjid & Islamic Center,2334 Mock Road,Columbus,OH,43219,614-418-9137,,,,
,ICNA Masjid Project,4101 S. Michigan Ave,Chicago,IL,60653,773-829-2255,,,,
,IIC - Masjid Al Noor,5383 S. Maryland Pkwy,Las Vegas,NV,89119,702-798-4089,,,,
,Harrisburg Masjid,200 South 17th Street,Harrisburg,PA,17103,717-232-4545,,,,
,Hamza Acadamey,202 STUART AVE,Valley Stream,NY,11580,516-285-8585,,,,
,Imaam Shaafici Mosque,"1507 South, 5th Street",Minneapolis,MN,55454,612-455-1147,,,,
,Imam Bukhary Masjid,8741 Van Nuys Blvd. Suiet 209,Panorama City,CA,91402,818-894-3025,,,,
,Imperial Valley Islamic Center,1195 Park Ave,Panorama City,CA,92243,760-370-5808,,,,
,Indonesian Muslim Community,4801 31ST AVE,Astoria,NY,11103,718-721-8881,,,,
,International Muslim Brotherhood,4641 Lancaster Ave.,Philadelphia,PA,19131,215-473-8589,,,,
,IQRA MASJID,3511 14 Avenue,Brooklyn,NY,11218,N/A,,,,
,IRM Masjid,2690 Martin Luther King Boulevard,Cleveland,OH,44103,N/A,,,,
,South Zone (Masjed),610 Brand Lane,Sugar Land,TX,77479,281-261 6615,,,,
,ISGH Alvin Masjid,1704 South Street,Alvin,TX,77511,713-524-6615,,,,
,As-Salaam Mosque,4819 S Ashland Ave,Chicago,IL,60609,312-247-2666,,,,
,ISGH South Zone Masjid,610 Brand Ln.,Stafford,TX,77477,281-261-6615,,,,
,ISGH-SEZ Masjid,8830 Old Galveston Rd.,Houston,TX,77034,713-947-0394,,,,
,Masjid of Spartanburg,377 Successful Way,Spartanburg,SC,29303,864-585-7522,,,,
,Islamia Sunna Wal Jam'Ah,24 Mount Hope Place,Bronx,NY,10453,718-731-2800,,,,
,Islamic Assciation of North Texas,840 Abrams Road,Richardson,TX,75083,972-231-5698,,,,
,Islamic Association of Allen,202 N. Allen Drive Suite D,Allen,TX,75013,972-908-3330,,,,
,Masjid Yaseen,3769 Youree Drive,Shreveport,LA,71105,318-868-0414,,,,
,Islamic Association of Carrollton,1901 Kelly Blvd,Carrollton,TX,75007,214-390-1120,,,,
,Islamic Association Of Cary,1076 West Chatham Street,Cary,NC,27511,919-460-6496,,,,
,Islamic Association of Cincinnati,3668 Clifton Ave,Cincinnati,OH,45220,513-221-4003,,,,
,Plano Masjid,6401 Independence Pkwy.,Plano,TX,75023,972-491-5800,,,,
,Islamic Association of Erie,2410 Holland street,Erie,PA,16503,814-454-8380,,,,
,Islamic Association of Greater Detroit,865 W. Auburn Road,Rochester,MI,48307,248-852-5657,,,,
,Masjid Al-Noor,3529 Mynders Ave,Memphis,TN,38111,901-432-0761,,,,
,Islamic Association of Lewisville,3430 Peters Colony Road,Flower Mound,TX,75022,972-691-5566,,,,
,Masjid Al-Noor,991 Scott Street,Wilkes Barre,PA,18710,570-823-9660,,,,
,Islamic Association of Sayre,102 Desmond St,Sayre,PA,18840,570-888-0832,,,,
,Islamic Association of Shenahdoah Valley,1330 Country Club Road,Harrisonburg,VA,22802,540-433-8186,,,,
,Masjid Adelanto,12700 Morning Glory Rd.,Adelanto,CA,92301,760-617-8099,,,,
,Islamic Center,1770 S.R.207,Elkton,FL,32033,904-826-1991,,,,
,Islamic Center,28 Woodruff St.,Saranac Lake,NY,12983,518-891-7436,,,,
,Islamic Center,1410 Northeast 14th,Ocala,FL,34470,352-671-7817,,,,
,Masjid Of Mountain View,1065 W El Camino Real,Mountain View,CA,94040,650-834-3007,,,,
,Islamic Center in Pittsburg,300 East 10th Street,Pittsburg,CA,94565,N/A,,,,
,Masjid As-Sabreen,"1403 South Cameron St.,",Harrisburg,PA,17104,717-238-8313,,,,
,Ahlul-Beyt Mosque,2155 Murchison Ave,Pomona,CA,91768,909-622-0988,,,,
,America-Masjid,215 N. Oraton Parkway,East Orange,NJ,      0 7017,973-672-4124,,,,
,Islamic Center of Ann Harbor,2301 Plymouth Rd.,Ann Arbor,MI,48105,734-665-6772,,,,
,Islamic Center of Ardmore,1700 Harris St.,Ardmore,OK,73402,580-223-0500,,,,
,Islamic Center of Asheville,941 Old Fairview Road,Asheville,NC,28803,828-277-5505,,,,
,Masjid Al-Hedaya,106 Southpark Dr. Suite C,Blacksburg,VA,24060,540-953-4622,,,,
,Islamic Center of Boca Raton,3100 NW 5th Avenue,Boca Raton,FL,33431,561-395-7221,,,,
,Islamic Center of Bowling Green,2140 Morgantown Rd,Bowling Green,KY,42101,270-846-0806,,,,
,Omar Masjid,230 Neptune Ave,Brooklyn,NY,11235,N/A,,,,
,Islamic Center of Brownsville,246 Gilson Road,Brownsville,TX,78521,956-371-8272,,,,
,Islamic Center of Chester,14 East 7th Street,Chester,PA,19013,610-876-1270,,,,
,Islamic Center of Chicago,5933 N. Lincoln Ave.,Chicago,IL,60659,773-989-9330,,,,
,Islamic Center Of Chico,1316 Nord Ave,Chico,CA,95926,530-342-5889,,,,
,Islamic Center of Clermont,15128 Lost Lake Road,Clermont,FL,34711,407-267-8320,,,,
,Islamic Center of Connecticut,140 White Rock Drive,Windsor,CT,      0 6095,860-249-0112,,,,
,Islamic Center of Cheyenne,6005 Weaver,Cheyenne,WY,82009,307-772-7599,,,,
,Masjid Zakariyyah,4699 Calder Ave.,Beaumont,TX,77707,409-896-5099,,,,
,ICBCS,417 Stasney,College Station,TX,77840,979-846-4222,,,,
,Hamza Acadamey,202 Stuart Ave.,Valley Stream,NY,11580,516-285-8585,,,,
,Greensboro Islamic Academy,2023 16th Street,Greensboro,NC,27405,336-375-4148,,,,
,Greenpoint Islamic Center,602 Leonard Street,Brooklyn,NY,11222,718-383-1602,,,,
,Ejaz Ahmad Musalla,1507 Brookins,Memphis,TN,38108,N/A,,,,
,Islamic Center Of Davis,539 Russell Blvd,Davis,CA,95616,530-756-5216,,,,
,Islamic Center of East Bay,311 W. 118th Street,Antioch,CA,91234,925-756-1652,,,,
,Islamic Center of Eastern Kentucky,8 Masjid Ave.,Prestonsburg,KY,41653,606-889-0626,,,,
,Bellevue Mosque,14700 Main St,Bellevue,WA,98007,425-746-0398,,,,
,Islamic center of El cajon,511 s. Magnolia,El Cajon,CA,92020,619-401-2692,,,,
,Islamic Center of El Paso,143 Paragon Lane,El Paso,TX,79935,915-581-7729,,,,
,Islamic Center of Elizabethtown,2816 Ring Rd,Elizabethtown,KY,42701,270-765-4712,,,,
,Islamic Center of Emporia,1125 Mechanic St.,Emporia,KS,66801,620-343-9229,,,,
,Islamic Center of Everett,818 West Casino Road,Everett,WA,98204,425-355-3362,,,,
,Islamic Center Of Fort Collins,900 Peterson St,Fort Collins,CO,80524,970-493-2428,,,,
,Islamic Center of Fort Pierce,1104 W Midway Rd,Fort Pierce,FL,34982,772-465-9200,,,,
,Islamic Center of Fort Wayne,1109 Chute Street,Fort Wayne,IN,46803,260-425-9834,,,,
,Islamic Center of Frankfort,741 Schenkel Lane,Frankfort,KY,40601,502-227-8641,,,,
,Islamic Center of Fredericksburg,7020 Harrison Road,Fredericksburg,VA,22407,540-786-5972,,,,
,Islamic Center of Fremont,4039 Irvington Avenue,Fremont,CA,94538,510-661-0352,,,,
,Islamic Center of Greater Austin,5110 Manor Rd.,Austin,TX,78723,512-926-9221,,,,
,Islamic Center Of Greater Cincinnati,8092 Plantation Drive,West Chester,OH,45069,513-755-3280,,,,
,Islamic Center of Greensboro,2023 16th Street,Greensboro,NC,27405,336-375-4908,,,,
,Islamic Center of Gunn Hwy,4119 Gunn Hwy,Tampa,FL,33618,813-908-8923,,,,
,Masjid Al-Huda ,215 South 25th AVE.,Hattiesburg,MS,39401,N/A,,,,
,Islamic Center of Hernando County,6307 Barclay Ave,Spring Hill,FL,34609,N/A,,,,
,Islamic Center Of Irving,2555 N Esters Rd,Irving,TX,75062,972-812-2230,,,,
,Islamic Center of Johnson County,9001 W. 151st Street,Shawnee Mission,KS,66221,913-239-0770,,,,
,Islamic center of Jonesboro,118 North Rogers,Jonesboro,AR,72402,870-935 2658,,,,
,Islamic Center of Junction City,119 east 11th street,Junction City,KS,66441,785-375-5665,,,,
,Islamic Center of Kent,20857 108th Ave. SE,Kent,WA,98031,253-223-2096,,,,
,Islamic Center of Laramie,618 Garfield,Laramie,WY,82070,307-721-8810,,,,
,Islamic Center of Louisville,1715 S. 4th St.,Louisville,KY,40208,N/A,,,,
,Islamic Center of Manteca,415 North Main St #4,Manteca,CA,95337,209-679-1482,,,,
,Islamic Center Of Maryland,19411 Woodfield Road,Gaithersburg,ND,20879,301-840-9440,,,,
,Islamic Center of Merced,2322 Ashby Rd,Merced,CA,95348,209-725-8000,,,,
,Downey Masjid,12428 South Benedict,Downey,CA,90242,562-940-1995,,,,
,Islamic Center of Minneapolis,1128 6th St SE,Minneapolis,MN,55414,N/A,,,,
,Islamic Center of Mississippi in Starkville,204 Herbert St.,Starkville,MS,39759,662-323-6559,,,,
,Islamic Center of Morganton,203 Bethel Street,Morganton,NC,28655,828-439-9487,,,,
,Islamic Center Of Mt. Pleasant,907 McVey St.,Mount Pleasant,MI,48858,989-773-2545,,,,
,Islamic Center of Naples,"2520 Davis Boulevard. 2nd Floor, Unit E.",Naples,FL,34104,239-732-7136,,,,
,Islamic Center of NE Florida,2333 St. John Bluff Rd.,Jacksonville,FL,32258,904-646-3462,,,,
,Islamic Center of Nebraska,1818 Lothrop Street,Omaha,NE,68110,402-934-1268,,,,
,Islamic Center Of New Mexico,1100 Yale Blvd. SE,Albuquerque,NM,87106,505-256-1450,,,,
,Islamic Center of North Fulton,1265 Rucker Rd,Alpharetta,GA,30004,678-297-0019,,,,
,Islamic Center Of North Phoenix,13246 N. 23rd Ave,Phoenix,AZ,85029,602-371-3440,,,,
,Islamic Center of North Valley,42554 4th. st. E,Lancaster,CA,93535,661-726-4749,,,,
,Islamic Center of Northern New York,"25918 NYS route 342, P.O.B. 254",Calcium,NY,13616,315-788-3050,,,,
,Islamic Center Of Northern Virginia,4420 Shirley Gate Rd,Fairfax,VA,22030,703-591-0999,,,,
,Islamic Center of Northwest Arkansas,1420 W. Center Street,Fayetteville,AR,72701,479-442-4155,,,,
,Islamic Center of Old Bridge,205 State Hwy No 35,Keyport,NJ,      0 7735,732-583-2030,,,,
,Masjid Al-Nur,4324 20th Lane NE,Olympia,WA,98516,360-491-5760,,,,
,Islamic Center of Omaha,3511 N 73rd St,Omaha,NE,68134,402-571-0720,,,,
,Islamic Center of Orlando,11543 Ruby Lake Road,Orlando,FL,32836,407-238-2700,,,,
,Islamic center of peoria,1716 N North St,Peoria,IL,61606,309-453-4055,,,,
,Islamic Center Of Pittsburgh,4100 Bigelow Blvd,Pittsburgh,PA,15213,412-682-5555,,,,
,Islamic Center of Plainfield,147 - 151 north Ave,Plainfield,NJ,      0 7060,908-222-1101,,,,
,Islamic Center of Quad Cities,6005 34th Ave.,Moline,IL,61265,309-792-1690,,,,
,Masjid Al-Kareem,39 Haskins Street,Providence,RI,      0 2903,401-274-3986,,,,
,Islamic Center of Rialto,18053 N Arrow Route,Rialto,CA,92377,909 357 4773,,,,
,Islamic Center of Richmond,203 Hanover Street,Richmond,KY,40475,859 625 0353,,,,
,Islamic Center of Rindge Avenue,379/380 Rindge Avenue,Cambridge,MA,      0 2140,N/A,,,,
,Islamic Center of Rockland,81 Mountainview Rd,Valley Cottage,NY,10989,914-425-2099,,,,
,Islamic Center of Rolla Missouri,1306 N. Elm St,Rolla,MO,65401,573-341-7360,,,,
,Islamic Center of Round Rock,906 B Sam Bass Road,Round Rock,TX,78681,512-248-0428,,,,
,Islamic Center Of S. Bay,25816 Walnut St,Lomita,CA,90717,310-534 1363,,,,
,Islamic Center of San Antonio,8638 Fairhaven St.,San Antonio,TX,78229,210-614-0989,,,,
,Islamic Center of South Lake County,532 Summerwood Drive,Minneola,FL,N/A,352-243-5590,,,,
,Masjid Ibrahim,6301 NW 6 Ave,Miami,FL,33150,786-845-9192,,,,
,Islamic Center Of Tacoma,2010 Bridgeport-way West,Tacoma,WA,98465,253-565-0314,,,,
,Masjid Al-Ansar,1020 W Pensacola St,Tallahassee,FL,32304,850-681-9022,,,,
,Islamic Center of the East Valley,425 N Alma School Rd.,Chandler,AZ,85246, 480-966-6115,,,,
,Islamic Center of the Northeast Valley,12125 E. Via Linda,Scottsdale,AZ,85259,602-234 6123,,,,
,Islamic Center of Topeka,1117 E. 27th Street,Topeka,KS,66605,785-233-1171,,,,
,Islamic Center of Vallejo,725 Sonoma Blvd,Vallejo,CA,94590,707-558-8229,,,,
,Islamic Center of Ventura County,525 South A St.,Oxnard,CA,93030,805-486-8886,,,,
,Islamic Center of Waco,2725 Benton Dr.,Waco,TX,76706,254-723-6556,,,,
,Islamic Center Of Warrensburg,143 E. Culton,Warrensburg,MO,64093,660-747-9442,,,,
,Masjid Ezaldeen,10482 Fritz Road,West Valley,NY,14171,N/A,,,,
,Islamic Center Of Wilmington,6336 Myrtle Grove Rd.,Wilmington,NC,28409,910-793-9333,,,,
,Islamic Center Of Winona,54 East Third St.,Winona,MA,55987,507-452-8074,,,,
,Islamic Center of Wisconsin,720 W. Parkway Blvd,Appleton,WI,54914,920-882-3001,,,,
,Islamic Center of Yonkers,100 Riverdale Avenue,Yonkers,NY,10701,914-964-5659,,,,
,Islamic Center W. Pine,3843 W. Pine Street,"Saint Louis,",MO,63108,314-531-2896,,,,
,"Islamic Center, Northbrook",1810 Pfingsten Road,Northbrook,IL,60062,847-272 0319,,,,
,Islamic center of redlands,11210 Alabama St.,Redlands,CA,92373,909-793-4443,,,,
,Islamic Circle Center,1738 W. 51st Street,Chicago,IL,60609,773-792-6825,,,,
,Islamic Community Center,152 E Steels Corner Road,Akron,OH,44224,330-922-9991,,,,
,Islamic Community Center,4666 Lansdowne,Saint Louis,MO,63116,314-352-2700,,,,
,Islamic Community Center of Anchorage,501 International Rd. Suite 26,Anchorage,AK,99518,907-248-7333,,,,
,Islamic Community Center Of Ilinois (ICCI),6435 W. Belmont Ave.,Chicago,IL,60634,773-637-3755,,,,
,Islamic Community Center Of Laurel,7306 Contee Rd.,Laurel,MD,20707,301-317-4584,,,,
,Islamic Community Center of Phoenix,7516 North Black Canyon Hwy,Phoenix,AZ,85051,602-249-0496,,,,
,Islamic Community Of Fairfield County (Jamia Al-Karam),57 Pepper St.,Monroe,CT,0-6468,203-261-6222,,,,
,Islamic Community of Southwest Florida,25148 Harborview,Port Charlotte,FL,33952,941-625-8855,,,,
,Islamic Society of Greater Houston,4000 Emmet Hutto Boulevard,Baytown,TX,77521,281-428-8682,,,,
,Islamic Cultural Center,131 E. 6th Tempe,Tempe,AZ,85281,602-894-6070,,,,
,Islamic Cultural Center,240 North Howard St.,Baltimore,MD,21201,410-385-0071,,,,
,Islamic Culture Center Masjid,301 North St.,Kinston,NC,28501,252-526-0413,,,,
,Islamic Dawa Center,5135 North Teutonia Ave.,Milwaukee,WI,53209,414-462-1997,,,,
,Masjid Muwahhiydeen ,402 S. Franklin St.,Wilkes Barre,PA,18701,570-821-1730,,,,
,Islamic Masjid,187 Webber St.,Jackson,TN,38301,901-421-8192,,,,
,Islamic Movement Of North America,925 Anza St.,Vista,CA,92084,760-945-9544,,,,
,Islamic Soc. Of Edmond,525 N University Dr.,Edmond,OK,73034,405-341-1077,,,,
,Islamic Society (IS); Masjid Al-Falah,408 SW Lee Blvd.,Lawton,OK,73502,580-678-4993,,,,
,Islamic Society of Gastonia,4020 Titman Rd.,Gastonia,NC,28056,704-824-7994,,,,
,Islamic Society of Baltimore,"6631 Johnnycake Rd,",Windsor Mill,MD,21244,410-747-4869,,,,
,Islamic Society Of Brookings,724 11th Ave.,Brookings,SD,57006,605-697-6187,,,,
,Masjid al-Rahim,4962 Old Winter Garden Road,Orlando,FL,32811,407-523-7882,,,,
,Islamic Society of Central New York (ISCNY),925 Comstock Ave.,Syracuse,NY,13210,315-471-3645,,,,
,Islamic Society of Central Texas,3033 Kegley Road,Temple,TX,76502,N/A,,,,
,Islamic Society of Central Virginia,118 10 1/2 Street NW,Charlottesville,VA,22903,434-923-8435,,,,
,Islamic society of central wisconsin,M 115 Meadow Ave,Marshfield,WI,54449,715-207-9081,,,,
,Islamic Foundation of New York,80-41 237th Street,Queens Village,NY,11427,N/A,,,,
,Islamic Foundation of Peoria,823 Salaam Drive,Peoria,IL,61615,309-691-8195,,,,
,Islamic Foundation of Shaikh Taymiyah ( King Fahad Mosque ),"10980 Washington blvd,",Culver City,CA,90232,310-202-0432,,,,
,Islamic Foundation Of South Florida (IFSF),4505 NW 103rd Av,Fort Lauderdale,FL,33351,954-741-8130,,,,
,Islamic School of Pensacola,1550 W. Barrancas Avenue,Pensacola,FL ,32501,850-435-7238,,,,
,Islamic Society Of Edmond,525 N University Dr,Edmond,OK,73034,405-341-1077,,,,
,Islamic Society of Coachella Valley,84650 Avenue 49,Coachella,CA,92236,760-398-7609,,,,
,Islamic Society of East Bay,33330 Peace Terrace,Fremont,CA,94555,510-429-4732,,,,
,Masjid Al Hedaya,N/A,Danbury,CT,0 6813,203-746-7006,,,,
,Islamic Society of Greater Lafayette,1022 First St,West Lafayette,IN,47906,765-743-8650,,,,
,Islamic Society of Cerro Gordo,122 1/2 N Federal Ave,Mason City,IA,50401,641-424-0462,,,,
,Islamic Society of Columbus Indiana,1531 Thirteenth Street,Columbus,IN,47201,812-314-2980,,,,
,Islamic Society of Danville,104 B Ponder Court,Danville,KY,40422,859-236-0791,,,,
,Islamic Society Of Delaware,28 Salem Church Rd,Newark,DE,19713,302-733-0373,,,,
,Islamic Society Of Denton,1105 Green Lee St,Denton,TX,76201,940-484-1871,,,,
,Islamic Society of Fargo-Moorhead,2102 6th Ave S. Fargo,Fargo,ND,58103,701-234-9607,,,,
,Islamic Society Of Folsom,"13405 Folsom Blvd, Unit 600",Folsom,CA,95630,916-353-0956,,,,
,Islamic Society of Frederick,1250 Key Parkway,Frederick,MD,21702,301-682-6090,,,,
,Islamic Society of Greater Harrisburg,407 North Front Street,Harrisburg,PA,17113,717-939-3107,,,,
,Islamic Society of Greater Lansing,920 S Harrison Rd,East Lansing,MI,48823,517-351-4309,,,,
,Islamic Society Of Greater Lima,400 S. Mumaugh (bldg10- Apt.4),Lima,OH,45804,419-222-0057,,,,
,Islamic Society of Greater Manchester,228 Maple Street,Manchester,NH,0-3103,603-644-0939,,,,
,Islamic Society of Greater Philadelphia (ISGP),7252 Roosevelt Blvd. ,Philadelphia,PA,19111,215-333-3550,,,,
,Islamic Society of Greater Valley Forge,958 North Valley Forge Road,Devon,PA,19333,610-688-2209,,,,
,Islamic Society Of Greenville,96 Meridian Ave. ,Greenville,SC,29687,864-292-2219,,,,
,Islamic Society of Joplin,1302 Black Cat Rd,Joplin,MO,64801,417-529-8995,,,,
,Islamic Society Of Lake Charles,612 College Manor,Lake,LA,70605,337-474-4519,,,,
,Islamic Society of Mobile (ISM),63 East Dr.,Mobile,AL,36608,251-343-4695,,,,
,Islamic Society of New River Valley,1284 North Main Street,Blacksburg,VA,24060,540-961-5210,,,,
,Islamic Society of New Tampa (Dar-us-Salaam),15830 Morris Bridge Rd.,Tampa,FL,33647,813-986-7866,,,,
,Islamic Society of Ogden Valley (Masjid As-Salaam),1061 23rd St.,Ogden,UT,84401,801-392-1515,,,,
,Islamic Society Of Orange County (Masjid Al-Rahman),9752 13th Street,Garden Grove,CA,92844,714-531-1722,,,,
,Islamic Dawah Center,201 Travis Street,Houston,TX,77002,713-223-3311,,,,
,Islamic Society Of Santa Rosa,545 Mendocino Ave.,Santa Rosa,CA,95401,707-525-1144,,,,
,Islamic Society of Sarasota & Bradenton,4350 North Lockwood Ridge Road,Sarasota,FL,34234,941-351-3393,,,,
,Islamic Society of South Texas,2008 N. Ware Road,McAllen,TX,78504,956-618-4180,,,,
,Islamic Society of Southeast kansas,1292 S. 220th Street,Pittsburg,KS,66762,620-231-6799,,,,
,Islamic Society Of Southern Texas,7341 Mcardle Road,Corpus Christi,TX,78412,361-992-8550,,,,
,Islamic Society of Tampa Bay Area (Al-Masjid Al-Jaami`),7326 E Sligh Ave.,Tampa,FL,33610,813-628-0007,,,,
,Islamic Society of The Woodlands,15217 Sunset Trail,Spring,TX,77384,281-635-6091,,,,
,Islamic Society Of Tulsa,4630 S Irvington Ave.,Tulsa,OK,74135,918-665-2023,,,,
,Islamic Society of West Contra Cost County/Masjid Al-Rahman,1110-36th Street,Richmond,CA,94804,510-236-8130,,,,
,Islamic Society Of West Massachusetts,377 Amostown Rd.,Springfield,MA,0 1089,413-788-7546,,,,
,Al-Haq Mosque,228 North Ellsworth Street,San Mateo,CA,94401,415-347-8548,,,,
,Islamic Society of Wisconsin,2615 Packerland Dr. # F,Green Bay,WI,54313,920-360-7295,,,,
,Islamic Society of Woodlands-Conroe,25217 Sunset Trail,Conroe,TX,77385,832-883-5911,,,,
,Islamic Student Assembly at Virginia Tech,"Masjid Al-Hedaya, 106 Southpark Dr. Suite B",Blacksburg,VA,24060,540-953-4622,,,,
,Islamic Support Association,617 East 7th Ave.,Corsicana,TX,75110,903-872-0578,,,,
,Isna Headquarters/masjid,6555 South 750 East,Plainfield,IN,46168,317-839-8157,,,,
,"ISSA, Islamic Society of Seacoast Area",42 N Dover Point Rd,Dover,NH,0 3820,603-750-4060,,,,
,Istiqaamah Foundation Masjid Al-Ihsaan,6630 Pershing Ave.,Orlando,FL,32822,407-381-8203,,,,
,"Ja'maa'ah Ibad ar-Rahim Masjid,Inc.",1330 Atcheson St.,Columbus,OH,43202,614-253-8380,,,,
,Jaame Masjid Bellmore,1425 Newbridge Road. (RT. 106),Bellmore,NY,11710,516-785-1426,,,,
,Jama Masjid,94-17 102 street,Ozone Park,NY,11416,718-441-5062,,,,
,Jama Masjid,11543 Ruby Lake Rd,Orlando,FL,32836,407-238-2700,,,,
,Jama Masjid,94-14-104th Street,South Richmond Hill,NY,11419,N/A,,,,
,Jama Masjid (Madina),6550 Tarnef Dr,Houston,TX,77074,713-995-1140,,,,
,Jamaat Ibad Ar-Rahman,3034 Fayetteville Street,Durham,NC,27707,919-683-5593,,,,
,Jamaica Muslim Center - Masjid Al Mamoor,85-37th 168th St.,Jamaica,NY,11432,718-739-3182,,,,
,Jamat-e-Masjidul Islam,820 Java Street,Inglewood,CA,90301,310-672-0773,,,,
,Jami Masjid Of Boonton,110 Harrison St.,Boonton,NJ,0-7005,973-334-9334,,,,
,Jami'a Masjid -- ICNVT,4420 Shirley Gate Road,Fairfax,VA,22030,703-591 0999,,,,
,Jamia Masjid,6340 N. Campbell,Chicago,IL,60659,773-761-7863,,,,
,Juma Masjid,19 Josph E Lwry Boulevard Northwest,Atlanta,GA,30314,404-768-7860,,,,
,Lackawanna Islamic Masjid,154 Wilkesbarre St.,Buffalo,NY,14218,716-825-9490,,,,
,Layton Masjid,568W 2400N,Layton,UT,84041,801-774-9713,,,,
,Leesburg Islamic Center,2201 Montclair Road,Leesburg,FL,34748,352-255-4708,,,,
,Lewiston/Auburn Islamic Centrer,2-23 Lisbon Street,Lewiston,ME,0-4240,207-777-7733,,,,
,Logan Islamic Center,600 East 748 North,Logan,UT,84341,435-753-2491,,,,
,Lorain Islamic Association - Masjid Al-Medinah,1300 Reid Ave,Lorain,OH,44052,440-244-1361,,,,
,LWCCSH,20515 N. Horatio Ave.,Lincolnshire,IL,60069,847-459-8526,,,,
,Madina Masjid,401E. 11th St.,New York,NY,10009,212-533-5060,,,,
,Madina Masjidd,"1 Madina Dr (140 White Rock dr),",Windsor,CT,0-6095,860-249-0112,,,,
,Madison Muslim Dawa Circle,2617 E. Washington Ave,Madison,WI,53704,608-242-9937,,,,
,Madni Masjid,834 BRADY AVENUE,Bronx,NY,10462,718-931-1521,,,,
,Madrasa-tul-Ilm,2846 Cold Spring R,Indianapolis,IN,46222,317-923-0328,,,,
,Madrasat Al-Huda Islamic School of Augusta,"2055 Ellis Street,",Augusta,GA,30904,706-737-3316,,,,
,Makkah Masjid,1319 W. Susquehanna Avenue,Philadelphia,PA,19122,215-978-9508,,,,
,Makkah Masjid,3505 South Dairy Ashford,Houston,TX,77082,281-496-5225,,,,
,Makki (Bissonnet) Masjid,9651 Bissonnet St. Suite 306,Houston,TX,77036,N/A,,,,
,Makki Jamme Masjid,115 East 168th Street,Bronx,NY,10452,718 293 5287,,,,
,Makki Masjid,3418 W. Ainslie Street,Chicago,IL,60625,773-588-8865,,,,
,Makki Masjid,60 Pickering St.,Fall River,MA,0-2720,609-502-2842,,,,
,Makki Masjid Brooklyn NY,1089 Coney Island Ave,Brooklyn,NY,11230,718-859-4485,,,,
,"MAS-UNY(Masjid, School, Youth Center)",380 Walnut Street,Yonkers,NY,10701,914-966-1545,,,,
,Masdjid Assalam Wal Khair,527 Lenox Ave Between 136th and 137th Streets,New York,NY,10027,N/A,,,,
,Masjd Al Ansar and Educational Center,136 President St,Passaic,NJ,0 7055,973-365-0988,,,,
,Masjed Abdul Muhsi Khalifah,120 Madison St,Brooklyn,NY,11216,718-783-1279,,,,
,Masjed Alhedaya,4501 N. Howard street,Philadelphia,PA,19140,215-455-1837,,,,
,Masjeed Al-Huda,3979 White Plains Road,Bronx,NY,10466,718-653-6848,,,,
,Masjid,9203 Midvale Dr,Shreveport,LA,71118,N/A,,,,
,Islamic Society Of Greater Houston,3110 Eastside Street,Houston,TX,77098,713-524-6615,,,,
,Masjid Al Noor,28 Circuit St,"Roxbury, Boston",MA,N/A,617-427-1542,,,,
,Masjid Al-Quddus,582-584 South 11 St.,Newark,NJ,0 7101,973-424-0662,,,,
,Masjid Al-Tawheed,1227 Sutter Street,San Francisco,CA,94109,415-776-8088,,,,
,Redmond Musallah,16600 NE 80th,Redmond,WA,98052,425-556-2305,,,,
,Masjid ELRAHMA,7103 Burthe St.,New Orleans,LA,70118,504-866-3879,,,,
,Masjid & Islamic Center of Clemson,1009 Old Stone Church Rd,Clemson,SC,29631,864 654-4514,,,,
,Masjid -Ansar,4014 Winona Ave,San Diego,CA,92105,619-282-4407,,,,
,Masjid A-Rashid,"1333 E. Compton Blvd., Compton",Compton,CA,90223,N/A,,,,
,Masjid Abdul Aziz Islamic Center of Williamsburg,2692A John Tyler Highway,Williamsburg,VA,23185,757-291-4422,,,,
,Islamic Center,14561 S Main,Houston,TX,77035,713-729-7666,,,,
,Masjid Abdul-Moghni (The La Plata Mosque),111 Howard Street,Port Tobacco,MD,20677,301-609-9865,,,,
,Masjid Abdullah,Dickens Road,Lilburn,GA,30047,770-638-2993,,,,
,Masjid Abdullah ,2342 S. Lumpkin Rd,Columbus,GA,31903,706-687-9402,,,,
,Masjid Abdur Raqib,5241 Prescott Rd,Baton Rouge,LA,70805,225-357-8236,,,,
,Masjid Aboo Bakr As-Siddeeq,1840 Columbia Drive,Atlanta,GA,30032,404-284-8855,,,,
,Masjid Abu Bakar,5511 Mlk Jy Ways ,Seattle,WA,98118,206-722-6222,,,,
,Masjid Abu Baker Alsiddiq,29414 Mission Blvd,Hayward,CA,94544,510-582-2730,,,,
,Islamic Center,1209 Conard Sauer Dr,Houston,TX,77031,713-464-4720,,,,
,Masjid Abu Bakr Al-siddiq,4425 David Dr,Metairie,LA,70003,504-887-5365,,,,
,Masjid Abu Bakr,3611 Crenshaw Ave,Los Angeles,CA,90016,323-732-4249,,,,
,Masjid Abu Bakr Siddiq,115 Foster Ave,Brooklyn,NY,11230,718-875-6607,,,,
,Mosalla Al-Farooq,1307 Wilcrest Dr. 4910,Houston,TX,77042,713-465-2020,,,,
,Masjid Abu Ubaidah,406 Autumn Avenue,Brooklyn,NY,11208,718-235 5952,,,,
,Masjid Abu-bakr El-saddik,332 W Buckeye St,Ada,OH,45810,419-634-3000,,,,
,Masjid Abubaker Siddiq,29414 Mission Boulevard,Hayward,CA,94544,510-582-2730,,,,
,Masjid Ad-Dawah,22 pleasant st,Malden,MA,0 2148,781-322-0864,,,,
,Masjid ad-Dawah ilat-Tawheed,2112 N Charles street,Baltimore,MD,21218,410-244-0799,,,,
,Masjid Adam Inc,2263 Crotona Avenue,Bronx,NY,10457,718-733-5559,,,,
,Masjid Ahlil Hadeeth,6711 Woodland Ave,Philadelphia,PA,19142,N/A,,,,
,Masjid Ahl-Ul Sunnah,420 Preston Ave.,Fayetteville,NC,28301,910-488-3604,,,,
,Masjid Ahlul Qur'aan Wa Sunnah,109-06 Van Wyck Expressway,South Ozone Park,NY,11420,718-490-8550,,,,
,Masjid Ahlul Qur'an wal Hadeeth,3415 18th St NE,Washington,DC,20018,202-269-9011,,,,
,Masjid Aisha,1161 Blossom Circle South,Lakeland,FL,33805,863-686-4713,,,,
,Masjid Al - Birr Wat Taqwa,23 South 52nd Street,Philadelphia,PA,19139,215-747-3136,,,,
,Masjid Al Abidin,104 - 14 127th Street,South Richmond Hill,NY,11419,718-848-8759,,,,
,Masjid Al Akbar,12458 Davenport Ave Blaine,Minneapolis,MN,55449,612-862-8454,,,,
,Masjid Al Ansar,1717 S. Brookhurst St,Anaheim,CA,92801,714-535-1100,,,,
,Masjid Al Ansar,4334 West Waters Avenue,Tampa,FL,33614,813-262-0772,,,,
,Masjid Al Fajr,2009 W 3rd St,Chester,PA,15334,610 364-1975,,,,
,Taleem-ul-Islam Society,18026 Upper Bay Rd,Houston,TX,77058,281-333-8305,,,,
,Masjid Al Fallahe,675 Clinton avenue,Newark,NJ,0 7108,973-399-8200,,,,
,Masjid Al Fatiha,210 Citrus,Azusa,CA,91702,626-359-9292,,,,
,Masjid al Furqaan,22 S. Pennsylvania Ave,Atlantic City,NJ,0 8401,888-344-0279,,,,
,Masjid Al Furqan,190 Grant Road,Merritt Island,FL,32953,321-392-4040,,,,
,Masjid Al Hadi,9 Broad St,Elizabeth,NJ,0 7201,908-351-7238,,,,
,Masjid Al Hameed,6244 Waldo Dr,New Orleans,LA,70122,504-319-7860,,,,
,Masjid AL HAQ,545 West Central Boulevard,Orlando,FL,32801,407-835-9600,,,,
,Masjid Al Hashar,2823 North 22nd Street,Philadelphia,PA,19132,215 225-2084,,,,
,Masjid Al Hijrah,6128 SW 27th Street,Hollywood,FL,33023,954-962-5351,,,,
,Masjid Al Huda,1081 Irving Park Road,Schaumburg,IL,60193,630-529 1786,,,,
,Masjid Al Ihsaan,3401 N. Saginaw St,Flint,MI,48505,810-789-1019,,,,
,Masjid Al Ihsaan,977 Fulton Street,Brooklyn,NY,11238,718-783-5787,,,,
,Masjid Al Ihsan,10180 SW 168th Street,Miami,FL,33157,305-259-0042,,,,
,Masjid Al Ihsan,239 E. 51 Street,Chicago,IL,60615,773 -592 5251,,,,
,Masjid Al Ikhlas,25 Washington Terrace ,Newburgh,NY,12550,845-561-5610,,,,
,Masjid Al Ikhlas,21-23 30th Drive,Astoria,NY,11102,718-721-4569,,,,
,Masjid Al Iman,598 Communipaw Ave,Jersey City,NJ,0 7304,201-433-0600,,,,
,Masjid Al Ittehad,925 Anza Avenue,Vista,CA,92084,760-945-9544,,,,
,Masjid Al Jami Ar Rasheed,1998 Hugo Ave.,Charleston,SC,29407,843-554-1773,,,,
,Masjid Al Jihad Al Akabr ,25 Washington Terrace,Newburgh,NY,12550,845-561-5610,,,,
,Masjid Al Kauthar,2102 Northeast Blvd,Wilmington,DE,19802,302-571-0532,,,,
,Masjid al Mu'min ,537 Paulson Ave,Pittsburgh,PA,15206,412-363-1237,,,,
,Masjid Al Mumin,1635 S Andrews Pl,Los Angeles,CA,90019,323-296-5961,,,,
,Masjid Al Muminun,1720 Wilson W. Lee Boulevard,Statesville,NC,28677,704-878-6043,,,,
,Masjid Al Muslimeen,1876 Fulton Street,Brooklyn,N/A,11233,718-771-6062,,,,
,Masjid Al Mustafa ,17250 Coventry Park Drive,Houston,TX,77084,281-859-8203,,,,
,Masjid al Noor,25816 Walnut St,Lomita,CA,90717,310-534-1363,,,,
,Masjid Al Quddus --ISCF,312 S. Parramore Ave.,Orlando,FL,32805,407-481-4393,,,,
,Masjid Al Quran & Muslim community center,11723 W. Brown Deer Rd,Milwaukee,WI,53224,414-354-4000,,,,
,Masjid al Rahmah,1229 Finch St,New Castle,PA,16101,724-658-8835,,,,
,Masjid Al Salam,2004 Brazil,Fort Smith,AR,72901,479-434-4009,,,,
,Masjid Al Shareef,7428 Lindencrest Street,Houston,TX,77061,713-242-6969,,,,
,Masjid Al Taqwa,2510 Morningside Dr,Shreveport,LA,71108,N/A,,,,
,Masjid Al Tawheed,1419 Acton Ave,Duncanville,TX,75137,972-709-5042,,,,
,Masjid Al-Islam,13 Hwy 301 South,Sellers,SC,29592,843-661-5748,,,,
,Masjid Al- Nur,1251east 99th street,Cleveland,OH,44106,216-326-2497,,,,
,Masjid Al- Qur'an,1546 N. 27th Street,Philadelphia,PA,19121,215-763-1601,,,,
,Masjid Al--Ihsan,406 St. Mark Place,Staten Island,NY,10301,718-556-2250,,,,
,Masjid Al-Abbasi ,153-06 109th Ave,Jamaica,NY,11433,N/A,,,,
,Masjid Al-akbar,1360 University Ave,Saint Paul,MN,55104,763-438-6065,,,,
,Masjid Al-Amaanah,1522 W. 4th Street,Wilmington,DE,19805,302-691-8417,,,,
,Masjid Al-Aman,4100 E 66th St,Inver Grove Heights,MN,55076,651-457-7170,,,,
,Masjid Al-amin,3702 W 11th Ave,Gary,IN,46404,219-949-1854,,,,
,Masjid Al-Ansar,2506 W. 63rd St,Chicago,IL,60629,773-434-5027,,,,
,Masjid Al-Aqaba,1528 Kern Street,Fresno,CA,93706,559-495-1606,,,,
,Masjid al-Aqsa,1502 Germantown Ave,Philadelphia,PA,19122,215-765-2743,,,,
,Masjid Al-Arqam,651 Banner Avenue,Brooklyn,NY,11235,718-646-0960,,,,
,Masjid Al-Asr,24 N. Pulaski Rd,Chicago,IL,60607,N/A,,,,
,Masjid Al-Aziz,679 Fairfield Ave,Bridgeport,CT,0 6601,203-368-3766,,,,
,Masjid Al-Aziz,"9501 Satellite Blvd, Suite #110",Orlando,FL,32837,407-240-4961,,,,
,Masjid Al-Baaqi ,320 Central Ave.,Bethpage,NY,11714,516-433-4141,,,,
,Masjid Al-Baiyina,1219 W. 20th Ave,Little Rock,AR,72216,501-374-1541,,,,
,Masjid Al-Bayyinah,374 Issaquena Ave,Clarksdale,MS,38614,N/A,,,,
,Masjid al-Bedayah,516 Walnut Street,Coatesville,PA,19320,N/A,,,,
,Masjid Al-Dawah - MAS Community Center,4301 Shamrock Dr,Charlotte,NC,28215,866-425-8627,,,,
,Masjid Al-Ehsan,2 Cove Road,South Dartmouth,MA,0 2748,508-999-8594,,,,
,Masjid al-Eman & Islamic Center,444 Connecticut Street,Buffalo,NY,14213,716-578-0735,,,,
,Masjid Al-Faatir,1200 East 47th Street,Chicago,IL,60615,773-548-3624,,,,
,Masjid Al-Fajr,2846 Cold Spring Road,Indianapolis,IN,46222,N/A,,,,
,Masjid Al-Falaah,2809 Pulaski HWY,Edgewood,MD,21040,410-612-0110,,,,
,Masjid Al-Falah,12500 Mcdougall St,Hamtramck,MI,48212,313-368-5308,,,,
,Masjid Al-Fattah- Musallah,"2506 25th Ave. N, Suite # 2",Texas City,TX,77590,409-945-9851,,,,
,Masjid Al-Furqan,3617 Old Bainbridge Rd,Tallahassee,FL,32303,850-514-0100,,,,
,Masjid Al-Ghuraba,130 N Main St,Edwardsville,IL,62025,N/A,,,,
,Masjid Al-Ghurabaa,2904 Park Ave,Kansas City,MO,64109,816-923-1103,,,,
,Masjid Al-Halim of New Medinah,16 Al-Halim Rd,Sumrall,MS,39482,601-736-8540,,,,
,Masjid Al-Halim of New Medinah,16 Al Halim Road,Columbia,MS,39429,601-736-8540,,,,
,Masjid Al-Hamdulillah,"722 Martin Luther King Blvd,St. G",Tampa,FL,33602,N/A,,,,
,Masjid Al-Haqq,689 Springfield Avenue,Newark,NJ,0 7101,973-373-0344,,,,
,Masjid Al-Haqq,4118 Joy Road,Detroit,MI,48204,313-361-4741,,,,
,Masjid Al-haqq,1879 Park Ave,Beloit,WI,53511,N/A,,,,
,Masjid Al-Haqq,5002 Jefferson Ave,Newport News,VA,23605,757-652-3595,,,,
,Masjid Al-Haqq,1187 Hayden Avenue,Cleveland,OH,44110,216-851-2267,,,,
,Masjid Al-Haqq,3913 Marlton Pike,Pennsauken,NJ,0 8110,N/A,,,,
,Masjid Al-Haque,66 Inez Bryant Lane,Silver Creek,MS,39663,601-587-3133,,,,
,Masjid Al-Hedaya,1018 Powder Springs Rd,Marietta,GA,30008,770-795-9391,,,,
,Masjid Al-Hedaya,106-C Southpark Dr,Blacksburg,VA,24060,540-953-4622,,,,
,Masjid Al-Hedayah and Al-Hedayah Academy,8601 Randol Mill Road,Fort Worth,TX,76120,817-265-6667,,,,
,Masjid Al-Hidaya,320 Charlie Johns St,Blountstown,FL,32424,850-674-9757,,,,
,Masjid Al-Hidayah,1018 Powder Springs Street,Atlanta,GA,30064,770-795-9391,,,,
,Masjid Al-Hidayah - Muslim Community of Troy,2339 15th St,Troy,NY,12180,518-274-0137,,,,
,Masjid Al-Hikma,11064 Livingston Rd suite 104L,Fort Washington,MD,20744,301-292-9009,,,,
,Masjid Al-Hikmah - Indonesian Muslim Community,4801 31st Avenue,Long Island City,NY,11103,718-721-8881,,,,
,Masjid Al-Hoda,100 Fortin Road,Kingston,RI,0 2881,401-569-9585,,,,
,Masjid Al-Huda,8912 Aviation Ave,Inglewood,CA,90301,310-642-8351,,,,
,Masjid Al-Huda,4602 St. John Ave,Kansas,MO,64123,816-231-6876,,,,
,Masjid Al-huda,120 Brumblow Rd 1-9,Carrollton,GA,30117,N/A,,,,
,Masjid Al-huda,733 Hindry Ave #212a A-107,Los Angeles,CA,90009,N/A,,,,
,Masjid Al-Huda,215 South 25th Avenue,Hattiesburg,MS,39402,601-544-0962,,,,
,Masjid Al-Ihsaan,1585 E. Fayetteville Rd.,Riverdale,GA,30296,404-642-6642,,,,
,Masjid Al-Ihsaan,3401 N. Saginaw St.,Flint,MI,48503,810-789-1019,,,,
,Masjid Al-Ikhlas,1333 E. Compton Blvd.,Los Angeles,CA,90021,N/A,,,,
,Masjid Al-Ikhlas,16412 East Warren Avenue,Detroit,MI,48224,313-881-1180,,,,
,Masjid Al-Imam Al-Albani,463 3rd Avenue,Brooklyn,NY,11215,718-788-1487,,,,
,Islamic Society of Greater Houston-Pearland,6057 Broadway Street,Pearland,TX,77581,N/A,,,,
,Masjid Al-Iman,2542 Franklin Park Dr,Fort Lauderdale,FL,33311,954-581-6295,,,,
,Masjid Al-Iman,2008 Westchester Ave.,Bronx,NY,10462,718-904-1111 ,,,,
,Masjid Al-Islaah Community Center,6502 Elmwood Avenue,Philadelphia,PA,19142,215-365-5134,,,,
,Masjid Al-islam,560 E North Frontage Rd,Bolingbrook,IL,60440,630-972-0701,,,,
,Masjid Al-Islam,624 George Street,New Haven,CT,0 6511,203-777-8004,,,,
,Masjid Al-islam,903 Columbus Road,Aliceville,AL,35442,N/A,,,,
,Masjid Al-Islam,40 Sayles hill Rd,North Smithfield,RI,0 2896,401-762-0107,,,,
,Masjid Al-Jabbar,1219 Milan Rd.,Sandusky,OH,44870,419-678-9987,,,,
,Masjid Al-jame,373 Alta Vista Drive,South,CA,94083,650-876-9763,,,,
,Masjid Al-Jami Ar-Rasheed,1998 Hugo Ave,North Charleston,SC,29405,843-554-1773,,,,
,Masjid al-Jamia,4228 Walnut Street,Philadelphia,PA,19104,N/A,,,,
,Masjid Al-jamiyah,16411 89th Ave Ste 140,Jamaica,NY,11432,N/A,,,,
,Masjid Al-Jamiyah Inc,547 Howard Avenue,Brooklyn,NY,11233,718-771-3111,,,,
,Masjid Al-Jannah Islamic Center of Columbus,6550 Forest Rd,Columbus,GA,31907,706-568-6750,,,,
,Masjid Al-khair,1670 Homewood Ave.,Youngstown,OH,44501,N/A,,,,
,Masjid Al-Khattab,1118 West 37th Drive,Los Angeles,CA,90007,N/A,,,,
,Masjid Al-Maalik,800 Emma St.,Key West,FL,33040,305-295-8350,,,,
,Masjid Al-Madina,196 Pittman Grove Church Rd.,Raeford,NC,28376,910-875-5200,,,,
,Masjid Al-Madina,2617 E. Washington Ave.,Madison,WI,53704,608-242-9937,,,,
,Masjid Al-Madina Al-Munawar,511 S magnolia Ave,El Cajon,CA,92020,619-401-2692,,,,
,Maasjid Al-Madina Al-Munawarah ,6800 Ludlow St.,Upper Darby,PA,19082,610-352-7774,,,,
,Masjid Al-Madinah,1300 Reid Avenue,lorain,OH,44045,440-233-5808,,,,
,Houston Masjid of Al-islam,6641 Bellfort Avenue,Houston,TX,77087,713-649-7789,,,,
,Masjid Al-madrashah,3129 Clio Rd,Flint,MI,48504,N/A,,,,
,Masjid Al-Maruf,119 E. 11th St,Junction City,KS,66441,785-375-5665,,,,
,Masjid Al-Momineen,837 North Indian Creek Drive,Stone Mountain,GA,30083,404-294-4058,,,,
,Masjid Al-Mubarak,103 14th Avenue,Newark,NJ,0 7103,973-622-6246,,,,
,Masjid Al-muhaajireen,Ezaldeen Village Cedar Ave,Hammonton,NJ,0 8037,609-561-6759,,,,
,Masjid Al-muhajireen,3777 West Columbus Ave,Chicago,IL,60652,773-581-1083,,,,
,Masjid Al-Muminin Inc,3762 18th Avenue South,Saint Petersburg,FL,33711,727-327-8483,,,,
,Masjid Al-Muqarrabun,13 North 3rd Avenue Rear,Coatesville,PA,19320,610-380-9052,,,,
,Masjid Al-muslimin,1929 Gervais St,Columbia,SC,29201,803-254-7242,,,,
,Masjid Al-Mustafa,7025 The Plaza,Charlotte,NC,28215,704-536-2016,,,,
,Masjid Al-Mutakabbir Inc.,462 Main St.,Poughkeepsie,NY,12601,845-849-0296,,,,
,Masjid Al-Nahl,123 Bragg Drive,Wakulla Springs,FL,32305,850-576-6555,,,,
,Masjid Al-Noor,28 Circuit St,Boston,MA,0 2119,617-427-1542,,,,
,Masjid Al-Noor,902 Union Ave.,Fairfield,CA,94533,707-426-5768,,,,
,Masjid Al-Noor,6990 65th Street,Sacramento,CA,95823,916-392-6687,,,,
,Masjid al-Noor,104 Rhine Avenue,Staten Island,NY,10304,718-442-6674,,,,
,Masjid Al-Noor Islamic Center,728 W 2nd St,Waterloo,IA,50701,319-233-2671,,,,
,"Masjid Al-Noor, Islamic Society of Michiana",3310 Hepler Street,South Bend,IN,46635,574-272-0569,,,,
,Masjid Al-Nour/An-Nur Mosque,4324 20th Lane NE,Olympia,WA,98516,360-459-1993,,,,
,Masjid Al-Nur,2031 S El Dorado St,Stockton,CA,95206,N/A,,,,
,Masjid Al-Nur,1251E 99th St.,Cleveland,OH,44108,216-231-9663,,,,
,Masjid Al-Qaba,2312 E. 75th Street,Chicago,IL,60649,N/A,,,,
,Masjid Al-Qadir,7920 Kingston Street,Chicago,IL,60617,773-731-1024,,,,
,Masjid Al-Qanateen,311 Cedar Ave.,Minneapolis,MN,55455,612-339-5744,,,,
,Masjid Al-qasas,19103 Linden Blvd,Saint Albans,NY,11412,N/A,,,,
,Masjid Al-Qassam,3247 W. 63rd Street,Chicago,IL,60629,773-436-8083,,,,
,Masjid Al-Qassam,5910 E. 130th Ave.,Tampa,FL,33617,813-985-9433,,,,
,Masjid Al-Qudus,1109 Chute Street,Fort Wayne,IN,46803,260-425-9834,,,,
,Masjid Al-Quran & Sunnah,3352 Monroe St.,Toledo,OH,43606,419-244-0585,,,,
,Masjid Al-Rahmah,2205 Albert Ave,Columbus,OH,43224,N/A,,,,
,Masjid Al-Rahmah,2426 E McDowell Rd,Phoenix,AZ,85008,602-463-2569,,,,
,Masjid Al-Rahmah,6631 Johnnycake Road,Windsor Mill,MD,21244,410-747-4869,,,,
,Ar-Ribat Masjid,7173 Saranac Ave #204,San Diego,CA,92115,619-589-6200,,,,
,Masjid Al-Rahman,601 West 176th Street,New York,NY,10033,N/A,,,,
,Masjid Al-Rahman,1300 7th St. NW,Canton,OH,44703,N/A,,,,
,Masjid Al-Rahman,723 Merchant Street,Coatesville,PA,19320,610-380-0490,,,,
,Masjid Al-Sahaabah,6005 Chapman Rd,Watauga,TX,76148,817-605-0863,,,,
,Masjid Al-salaam,2824 Kennedy Blvd,Jersey City,NJ,0 7306,201-653-2990,,,,
,Masjid Al-Salaam,5119 Monticello Rd,Columbia,SC,29203,803-252-9477,,,,
,Masjid Al-salaam,1625 N. Pearl St.,Jacksonville,FL,32206,904-359-0980,,,,
,Masjid Al-Salaam,16742 E. Iliff Ave,Aurora,CO,80013,N/A,,,,
,Masjid Al-Salam,2917 S. Orlando Ave.,Sanford,FL,32773,407-688-7211,,,,
,Masjid Al-Shareef,2104 Orange,Long Beach,CA,90806,562-591-5320,,,,
,Masjid Al-Taqwa,2181 N Lake Ave.,Altadena,CA,91001,626-398-8392,,,,
,Masjid Al-Taqwa,5101 N Sheridan Rd,Chicago,IL,60640,N/A,,,,
,Masjid Al-Taqwa,2413 E. Union Street,Seattle,WA,98122,206-384-4589,,,,
,Masjid Al-taqwa,2814 12th Ave S.,Nashville,TN,37204,N/A,,,,
,Masjid Al-taqwa,3480 Greenbriar Parkway (suite226),Atlanta,GA,30331,N/A,,,,
,Masjid Al-Taqwa,1911 S.W. Campus Dr.,Federal Way,WA,98023,N/A,,,,
,Masjid Al-Taufiq,41-02 Forley Street,Jackson Heights,NY,11373,718-779-1519,,,,
,Masjid Al-Tawbah,5222 Duffield St.,Philadelphia,PA,19124,N/A,,,,
,Masjid Al-tawfiq,41-02 Forley St,Elmhurst,NY,11373,718-533-0104,,,,
,Masjid Al-Tawheed,18620 W. Warren,Detroit,MI,48228,313-271-0267,,,,
,Masjid Al-Tawheed,852 Santee Street,Los Angeles,CA,90014,N/A,,,,
,Masjid Al-Ummah,800 10th St. Suite D,Huntsville,TX,77340,N/A,,,,
,Masjid Al-zumar,1181 Paddock Road,Smyrna,DE,19977,N/A,,,,
,Masjid Alansari,3520 E 116th St,Cleveland,OH,44105,N/A,,,,
,Masjid Albadar,2230 Bath Ave,Brooklyn,NY,11214,718-372-8317,,,,
,Masjid Alexandria Carpet,713 Shorter Ave,Rome,GA,30165,N/A,,,,
,Masjid Alfath,571 Chestnut St.,Manchester,NH,  0 3104,603-858-0943,,,,
,Masjid alhedaya,4501 N. Haward St.,Philadelphia,PA,19120,N/A,,,,
,Masjid Alihsan,977 Fulton Street,Brooklyn,NY,11238,N/A,,,,
,Masjid Alsiddique,616 N Washington St,Stillwater,OK,74075,405-377-5910,,,,
,Masjid Alsunnah,9304 Centerville Rd,Manassas,VA,20108,N/A,,,,
,Masjid Altadena,514 Stonehurst Dr.,Glendale,CA,91001,N/A,,,,
,Masjid Altaqwah,3536-38 Atlantic Ave.,Atlantic,NJ,0 8401,609-344-1786,,,,
,Masjid Al_Iman,24-30 Steinway Street,Astoria,NY,11103,718-626-6633,,,,
,Masjid Ameen Zakariyya,1717 Wright Ave,Little Rock,AR,72202,501-372-1942,,,,
,Masjid Ammar Ben Yaser,4315 8th Avenue,Brooklyn,NY,11232,718-972-8858,,,,
,Masjid An Nur,743 W Liberty St,Springfield,OH,45506,513-323-8781,,,,
,Masjid An Nur,1071 New Lots Ave,Brooklyn,NY,11208,N/A,,,,
,Masjid An-Nur,1996 So. Stone Mtn Lithonia Rd,Lithonia,GA,30058,770-922-9829,,,,
,Masjid An-noor,3104 E. 17th St.,Wichita,KS,67214,316-312-6361,,,,
,Masjid An-Noor,1300 Fairfield Ave.,Bridgeport,CT,0 6605,203-579-2211,,,,
,Masjid An-Noor,1000 Hoes Lane,Piscataway,NJ,0 8854,732-463-2004,,,,
,Masjid An-Nour,11699 SW 147th Ave.,Miami,FL,33183,305-408-0400,,,,
,Masjid An-nur,311 Bellevue Ave,Trenton,NJ,0 8618,N/A,,,,
,Masjid An-nur,"1729 Lyndale Ave, North",Minneapolis,MN,55411,N/A,,,,
,Masjid An-Nur,312 B Street Rear,Anniston,AL,36202,256-238-9041,,,,
,Masjid ANajoum,121 S. Seminary Street,Lamar,AR,72846,479-885-0306,,,,
,Masjid and Islamic center,1054 Walton Ave.,Mamaroneck,NY,10543,914-698-1900,,,,
,Masjid Annur,3718 Salem Turnpike,Roanoke,VA,24017,540-342-7688,,,,
,Masjid Annur,743 W. Liberty,Dayton,OH,45406,937-322-4909,,,,
,Masjid Annur,2124 Winafred Street,Sacramento,CA,95823,916-927-9314,,,,
,Bilal Mosque,3824 Glenmoor Dr.,Fremont,CA,94536,510-797-7336,,,,
,Masjid Ansar As-Sunnah,63 Washington St.,Paterson,NJ,0 7501,973-357-0122,,,,
,Masjid Ar-Rahmah,201 Front Street,Owatonna,MN,55060,507-214-1510 ,,,,
,Masjid Ar-Rahmah,18001 NE 76th St.,Redmond,WA,98073,425-458-2419,,,,
,Masjid Ar-rahman,5330 W. Division Ave,Chicago,IL,60651,N/A,,,,
,Masjid Ar-Rahman,1320 Hull St,Richmond,VA,23224,804-291-3800,,,,
,Masjid Ar-Rahman,80 Madison Ave,New York,NY,10016,212-868-6666,,,,
,Masjid Ar-Rahman,68 Nassau Ave,Brooklyn,NY,11222,718-383-6344,,,,
,Masjid Ar-Rahman,5135 North Teutonia Avenue,Milwaukee,WI,53209,414-462-1998,,,,
,Masjid Ar-Rashid,352 Main Street,Beacon,NY,12508,845-831-7903,,,,
,Masjid Ar-Razzaaq,205 W 9th Street,Wilmington,DE,19801,302-563-9738,,,,
,Masjid As Sabereen,805 South Garey Ave.,Pomona,CA,91766,909-865-7833,,,,
,Masjid As Sabiqun,1105 Concord Road,Chester,PA,19013,610-490-1970,,,,
,Masjid As Salaam,2900 W Florence Ave,Los Angeles,CA,90043,323-758 4033,,,,
,Masjid As Salaam,3040 S. 150th St,Seattle,WA,98188,206-241-3761,,,,
,Masjid As' Habul Yameen,224 North 18th Street at 4th Avenue,East Orange,NJ,0 7017,973-678-7878,,,,
,Masjid As-sabiqun,9505 Benavides Rd Sw,Albuquerque,NM,87121,N/A,,,,
,Masjid As-Sabiqun,1619 Del Monte SW,Albuquerque,NM,87105,N/A,,,,
,Masjid As-Sadiq,2065 E. Eighth St,Stockton,CA,95206,209-941-4915,,,,
,Masjid As-Saffat ,25 Oxford St.,Trenton,NJ,0 8648,609-695-7775,,,,
,Masjid As-Saffat,1335 W. North Ave.,Baltimore,MD,21217,410-669-0655,,,,
,Masjid As-Sahaba,795 East Hudson St.,Columbus,OH,43211,614-262-8511,,,,
,Masjid As-Sahaba,6657 W Washington St,Indianapolis,IN,46241,317-603-5426,,,,
,Masjid As-Sahabah,3435 Washington Dr,Saint Paul,MN,55122,N/A,,,,
,Masjid As-Salaam,276 Central Ave,Albany,NY,12206,518-463-6275,,,,
,Masjid As-Salaam,1460 Skillman Ave. East Maplewood,Saint Paul,MN,55109,651-748-1688,,,,
,Masjid As-Salaf As-Salih,3916 Glenwood Rd,Decatur,GA,30032,404-284-8855,,,,
,Masjid As-Salaf-As-Saalih,3408 East 10th Street,Indianapolis,IN,46201,317-690-6071,,,,
,Masjid As-Salafis Salih,1231 Simpson Rd.,Atlanta,GA,30310,404-753-5544,,,,
,Masjid As-Salafiyeen,2742 River Dr.,Columbia,SC,29210,N/A,,,,
,Masjid As-Salam,Greenbrier Discount Mall Market Place,Atlanta,GA,30311,N/A,,,,
,Masjid As-Salam,1065 Stratford,Memphis,TN,38122,901-685-8906,,,,
,Masjid As-Siddiq,1840 Columiba Dr,Atlanta,GA,30415,404-256-5913,,,,
,Masjid As-Siddiq,4055 Anneewakee Road,Douglasville,GA,30135,770-947-3396,,,,
,Masjid as-Sunnah,5841 Arctic Blvd ste. 202,Anchorage,AK,99517,907-868-7868,,,,
,Masjid As-Sunnah,910 Bellevue Ave.,South Bend,IN,46615,N/A,,,,
,Masjid As-Sunnah,1859 Albany Street,Schenectady,NY,12304,518-374-3535,,,,
,Masjid As-Sunnah An-Nabawiyyah,4944 Germantown Ave,Philadelphia,PA,19144,215-848-2614,,,,
,Masjid Ash Shura,2800 Granby St. Suite 2 Norfolk,Norfolk,VA,23504,757-718-2180,,,,
,Masjid Ash-Shura,1902 Franklin Road,Tuskegee Institute,AL,36088,334-724-9827,,,,
,Masjid Ashaikh Abdulaziz bin Baz,619 19th St.,Golden,CO,80401,303-279-0589,,,,
,Masjid AsSalafiyeen,2742 River Dr,Columbia,SC,29201,803-256-6988,,,,
,Masjid Assalam,1079 North Alma School Road,Chandler,AZ,85224,480-784-4627,,,,
,Masjid AsSunnah,4718 Hammersley Rd,Madison,WI,53711,608-277-1857,,,,
,Masjid Assunnah,1254 Bates Avenue,Cincinnati,OH,45225,513-591-3800,,,,
,Masjid Assunnah,373 Pederson St # 102,Saint Paul,MN,55119,651-702-0140,,,,
,Masjid Assunnnah ,4565 Elam Road Stone Mountain,Stone Mountain,GA,30083,404-298-1511,,,,
,Masjid at Fort Leonard Wood,International Student Building 1704,Fort Leonard Wood,MO,65473,573-586-8870,,,,
,Masjid at Massachusetts,"55 Fruit Street, Room 109",Boston,MA,0 2114,N/A,,,,
,Masjid At Taqwa,399 Summers Avenue,Orangeburg,SC,29115,803-539-2024,,,,
,Masjid At-Taqwa,1266 Bedford Avenue,Brooklyn,NY,11216,718-622-0800,,,,
,Masjid At-Taqwa,40 Parker Ave.,Buffalo,NY,14214,716-836-9789,,,,
,Masjid At-Taqwa,735 Snelling Ave.,Saint Paul,MB,55104,651-292-9675,,,,
,Masjid At-Taqwa,1819 Winchester,Memphis,TN,38116,N/A,,,,
,Masjid At-Taqwa,701 N Broadway,Dayton,OH,45407,937-277-1805,,,,
,Masjid At-Taqwa ,2950 34TH Street South,Saint Petersburg,FL,33705,727-867-1035,,,,
,Masjid At-Tauba,1990 W. Michigan Ave,Ypsilanti,MI,48197,734-480-1269,,,,
,Masjid at-Tawfeeq,3352-3354 Monroe Street,Toledo,OH,43602,419-244-0585,,,,
,Masjid At-Tawheed,9 S. Belvidere Ave.,York,PA,17404,717-699-1988,,,,
,Masjid At-Tawheed,1000 Main St ,Peekskill,NY,10566,914-734-8143,,,,
,Masjid Attakwa,701 S.Garfield Avenue,Sioux Falls,SD,57104,605-376-0610,,,,
,Masjid Attaqwa ,2674 Woodwin Road,Atlanta,GA,30360,770-454-8152,,,,
,Masjid Attawheed,1022 South West Henderson st,Seattle,WA,98106,206-763-2239,,,,
,Masjid Attawheed,4861 Memorial Drive,Stone Mountain,GA,30083,404-294-5785,,,,
,Masjid Bab-Salam,3604 Neptune Avenue,Brooklyn,NY,11224,718-714-7412,,,,
,Masjid Bait ul Huda,6258 N. Bell Ave # B,Chicago,IL,60659,773-761-4979,,,,
,Masjid Baitul Haqq,509 Aurelia St,Mobile,AL,36604,251-433-5625,,,,
,Masjid Baitul Karim,380 east 18 th street,Brooklyn,NY,11226,718-940-9096,,,,
,Masjid Bayt-Allah of Baltimore,1910 Frederick Avenue,Baltimore,MD,21223,443-224-4423,,,,
,Masjid Baytul Khaliq,214 Chancellor Avenue,Newark,NJ,0 7112,973-926-8927,,,,
,Masjid Bilal,4016 S Central Ave,Los Angeles,CA,90000,213-233-7274,,,,
,Masjid Bilal,400 Chimborazo Blvd,Richmond,VA,23223,804-222-9825,,,,
,Masjid Bilal,7401 Euclid Avenue,Cleveland,OH,44106,216-391-8899,,,,
,Masjid Bilal,4891 West Michigan Ave,Ypsilanti,MI,48197,734-368-2779,,,,
,Masjid Bilal Ibn Rabah,1545 Russell Cave Road,Lexington,KY,40505,859-233-4827,,,,
,Al-Yasin Mosque,2210 Cherry Street,Seattle,WA,98122,206-329-9457,,,,
,Masjid Daar Al Tawheed,1468 Pirkle Road,Lawrenceville,GA,30093,770-770-1445,,,,
,Masjid Dar -ul- Arqam,"514 Emmet street, Apt # 4",Ypsilanti,MI,48197,734-330-6770,,,,
,Masjid Daras Salam,90 Dempsey Road,Milpitas,CA,95035,408-719-9010,,,,
,Masjid Daru-as-salaam,75 East Parade Circle,Buffalo,NY,14211,716-896-0725,,,,
,Masjid Darul Islah,320 Fabry Terrace,Teaneck,NJ,0 7666,201-692-7730,,,,
,Masjid Darul Islam of Ocala,6915 W. Hwy 40,Ocala,FL,34482,352-861-1328,,,,
,Masjid Darul Qur'an,1514 E 3rd Ave,Bay Shore,NY,11706,631-665-9462,,,,
,Adel Road Masjid,11815 Adel Road,Houston,TX,77067,713-537-1946,,,,
,Masjid Dawa'h,800 East hwy 90,Bonifay,FL,32425,850-547-0169,,,,
,Masjid Dawah,478 University Avenue,Saint Paul,MN,55103,651-224-6722,,,,
,Masjid Deyaue of Islamic,1479 Jesup Avenue,Bronx,NY,10452,718-293-5323,,,,
,Masjid Dhul-qarnain,5618 Luther,Cleveland,OH,44103,N/A,,,,
,Masjid Dinky Town,1128 6th St SE,Minneapolis,MN,55405,N/A,,,,
,Masjid E-siddiq,2725 Benton Dr,Waco,TX,76706,254-723-6556,,,,
,Masjid El Ber of Astoria,3605 30th Street (36Ave),Astoria,NY,11103,718-784-0336,,,,
,Masjid El-Farouq,1207 Conrad Sauer Dr.,Houston,TX,77043,713-465-2020,,,,
,Masjid Elhoda,Univ. of Rhode Island,Middletown,RI,0 2842,N/A,,,,
,Masjid Esa,390 East Main Street,Stratford,CT,0 6614,203-386-8368,,,,
,Masjid Fatih,59-11 8th Ave,Brooklyn,NY,11220,718-438-6919,,,,
,Masjid Friday Prayers,1775 Freeway Ct NE,Salem,OR,97301,N/A,,,,
,Masjid Fullerton,413 W. Ave.,Fullerton,CA,92632,714-521-2912,,,,
,Masjid Gabriel,1301 E Las Tunas Dr,San Gabriel,CA,91776,626-285-2697,,,,
,Masjid Ghurabaa,10 Somerset St.,Plainfield,NJ,0 7060,908-754-9665,,,,
,Masjid Gul,785 Country Place Dr,Houston,TX,77079,N/A,,,,
,Masjid Gibrael,1301 E Las Tunas,San Gabriel,CA,91776,626-285-2573,,,,
,Masjid Hameedia,1456 W. Elmdale,Chicago,IL,60660,N/A,,,,
,Masjid Hamza,9520 Padgett Street,San Diego,CA,92126,858-271-1691,,,,
,Masjid Hamzah,202 Stuart Ave.,Valley Stream,NY,11580,516-285-8585,,,,
,Masjid Hanford,308 S 10th Ave,Hanford,CA,93230,559-583-1448,,,,
,Masjid Haseebullah,3799 Edward Avenue,Las Vegas,NV,89108,702-395-7013,,,,
,Masjid,141-49 33rd Ave,Flushing,NY,11354,718-358-6905,,,,
,Masjid Huda,310 Beach 54th St,Arverne,NY,11692,N/A,,,,
,Masjid I.R.M.,2690 M.L.K.,Cleveland,OH,44104,216-231-7078,,,,
,Masjid Ibad-ur-rahman,2692 Sandy Plains Rd. Suite: 1400 & 1700,Marietta,GA,30066,678-560-3398,,,,
,Masjid Ibadul-Rahman,380 Myrtle Avenue,Brooklyn,NY,11205,718-260-9618,,,,
,Masjid ibn 'Uthaymeen,2114-D Roosevelt Dr,Arlington,TX,76013,817-275-1250,,,,
,Masjid Ibn Baz,5622 Evers Road,San Antonio,TX,78238,N/A,,,,
,Masjid Ibn `Uthaymeen,2806 Martin Luther King Blvd,Dallas,TX,75215,214-421-2022,,,,
,Masjid Ibrahim,315 Ford Rd.,Ypsilanti,MI,48198,734-483-2535,,,,
,Masjid Ibrahim,2075 Airway Ave,Kingman,AZ,86401,928-757-8822,,,,
,Masjid Ibrahim,1701 West Ben White,Austin,TX,78704,512-693-2924,,,,
,Masjid Ibrahim,"2911 Gill Street, Suite 6",Bloomington,IL,61704,309-664-0304,,,,
,Masjid Ibrahim,392 Chancellor ave,Newark,NJ,0 7112,973-923-3426,,,,
,Masjid Ibrahim,3337 Broadway ave.,Fort Myers,FL,33901,239-939-0292,,,,
,Masjid Ibrahim Islamic Center,3449 Rio Linda Blvd,Sacramento,CA,95838,916-613-3457,,,,
,Masjid Ikhlas,1333 E Compton Ave,Compton,CA,90221,213-537-3146,,,,
,Masjid Ikhlas,11141 Irma Drive,Denver,CO,80233,303-920-0250,,,,
,Masjid Ikhwa,1135 Eastern Pky,Brooklyn,NY,11213,718-493-0461,,,,
,Masjid,340 Allen Ave,Portland,ME,0 4103,207-221-5615,,,,
,Masjid,1540 C Street,Hayward,CA,94541,N/A,,,,
,Masjid Iqamadeen,268 Malcolm X Blvd.,Brooklyn,NY,11233,N/A,,,,
,Masjid Iqra,1885 Mc Donald Ave.,Brooklyn,NY,11223,718-627-9136,,,,
,Masjid,1436 Indianola Avenue,Columbus,OH,43201,614-554-7123,,,,
,Masjid Isha,5801 Crittenden Street,Philadelphia,PA,19138,215-549-9105,,,,
,Masjid Islam,4600 Rocky River Drive,Cleveland,OH,44135,216-676-9177,,,,
,Masjid Jaamia Muhammadiyya,115 Madinah Rd,Commerce,GA,30530,N/A,,,,
,Masjid Free Haven,280 Ashland Ave,Juliustown,NJ,0 8042,609-546-2995,,,,
,Masjid Fresno,2111 E Shaw Ave,Fresno,CA,93710,559-222-6686,,,,
,Masjid Jalalabad,57-61 Van Houten St,Paterson,NJ,0 7505,973-279-6408,,,,
,Masjid Jamaat Al'Mu-Mineen,3222 Holiday Spring Blvd,Pompano Beach,FL,33063,954-575-3872,,,,
,Masjid Jamal Uddin Afghani,42-66 149th street,Flushing,NY,11355,N/A,,,,
,Masjid Jamea,373 Alta Vista Ave,Daly City,CA,94015,N/A,,,,
,Masjid Jauharatul Islam,102 W S Mountain Ave,Phoenix,AZ,85041,602-268-6151,,,,
,Masjid Luqmaan,1702 Hays Street,San Antonio,TX,78202,210-224-5767,,,,
,Masjid Makki,1959 Macy St,San Bernardino,CA,92411,N/A,,,,
,Masjid Manhaj Ul-Anbiyaa,3860 North Port Washington Rd,Milwaukee,WI,53212,414-264-2508,,,,
,Masjid Miami Gardens,4305 NW 183rd St.,Opa Locka,FL,33055,305-624-5555,,,,
,Masjid Miami/ Flagler Masjid,7350 NW 3rd St,Miami,FL,33126,305-261-7622,,,,
,Masjid,4001 Miller ST,Detroit,MI,48211,313-887-1868,,,,
,Masjid Mu-Minun,808 Geisberg Drive,Anderson,SC,29624,864-225-1061,,,,
,Masjid,1032 Spruce Street,Camden,NJ,0 8103,856-541-0681,,,,
,Masjid Mujahadin,46 Glover,Rochester,NY,14611,N/A,,,,
,Masjid Mujahideen,413 South 60th Street,Philadelphia,PA,19143,215-471-7073,,,,
,Masjid Mujahideen,431 S Dundee,South Bend,IN,46619,N/A,,,,
,Masjid,2735 W. Alleghany Ave,Philadelphia,PA,19132,N/A,,,,
,Masjid,6807 5th Ave,Brooklyn,NY,11220,718-680-0121,,,,
,Masjid Newark,324 Clinton Pl,Newark,NJ,0 7112,N/A,,,,
,Masjid Noor,1000 Delhi Rd.,Shreveport,LA,71112,318-675-0405,,,,
,Masjid Noor,1330 Cutting Blvd,Richmond,CA,94801,N/A,,,,
,Masjid Noor,1032 Park Ave.,Huntington,NY,11743,631-424-9514,,,,
,Masjid Noor,8608 Pohick Rd.,Springfield,VA,22153,703-451-7615,,,,
,Masjid Noor Al-Islam,48 Golden Gate Ave.,San Francisco,CA,94102,415-292-9709,,,,
,Masjid Noor,3872 50th St.,San Diego,CA,92105,619-282-0037,,,,
,Masjid Nu'Man,1373 Fillmore Ave.,Buffalo,NY,14211,716-892-1332,,,,
,Masjid Nur Ahl Us Sunnah,21-23 8th Street,St Thomas,VI,00 801,340-776-3097,,,,
,Masjid Nur Al-Islam,21 Church Ave.,Brooklyn,NY,11218,718-435-3237,,,,
,Masjid Nur Allah,97-22 57th Ave.,Rego Park,NY,11374,718-393-8054,,,,
,Masjid Nur Ul Islam,10600 SW 59 Street ,Fort Lauderdale,FL,33328,954-434-3855,,,,
,Masjid Oak Park,15425 Miller Street,Oak Park,MI,48237,248-967-4976,,,,
,Masjid Of Al Islam,2626 Magnolia St.,New Orleans,LA,70113,504-895-6731,,,,
,Masjid Of Antelope Valley-palmdale,1125 E. Palmdale Blvd.,Palmdale,CA,93590,N/A,,,,
,Masjid of Coldwater,129 Perkiens St.,Coldwater,MI,49036,517-278-6291,,,,
,Masjid of Hays,1409 Pine Street,Hays,KS,67601,785-625-2311,,,,
,Masjid of Ivy City,2001 Galludett St. NE,Washington,DC,20002,202-529-3100,,,,
,Masjid of Norfolk,403 Omaha Avenue,Norfolk,NE,68701,N/A,,,,
,Masjid of the Balkan Turks,2223 62nd St.,Brooklyn,NY,11204,212-362-0400,,,,
,Masjid Of The Crimean Turks,4509 New Utrecht Ave,Brooklyn,NY,11219,718-851 6621,,,,
,Masjid of Waltham,16 Park Place,Waltham,MA,0 2453,N/A,,,,
,Masjid Omar,2700E 49 Street,Kansas City,MO,64130,816-924-5683,,,,
,Masjid Omar,2533 Old McDowell Road,Jackson,MS,39204,601-371-2834,,,,
,Masjid Omar Al Farooq,1220 N. State College Blvd,Anaheim,CA,92806,714-533-6271,,,,
,Masjid Omar,955 Harbins RD.,Tucker,GA,30047,770-279-8606,,,,
,Masjid Omar bin AbdulAziz,955 Harbins Road,Norcross,GA,30047,770-279-8606,,,,
,Masjid Omar Bin Al-Khattab,6225 S Mcclintock Dr.,Tempe,AZ,85283,480-775 6627,,,,
,Masjid Omar Ibn Sayyid,2700 Murchison Road,Fayetteville,NC,28302,910-488-7322,,,,
,Masjid Omar Ibn-AlKhattab,912 East 24 th Street,Minneapolis,MN,55403,612-423-6746,,,,
,Masjid Omer Ibn Al-khatab,1416 Paul Bryant Dr.,Tuscaloosa,AL,35401,205-758-3382,,,,
,Masjid Othman Bin Affan,Calle Luna #4718,Ponce,PR,00 717,787-515-7111,,,,
,Masjid Oulel-Albab,234 Bay Ridge Avenue,Brooklyn,NY,11220,718-491-5950,,,,
,Masjid Oumar Al-Foutiyou,3560 E. Refugee Rd.,Columbus,OH,43232,614-235-0832,,,,
,Masjid Porterville,289 N. 3rd Street,Porterville,CA,93257,559-783-2483,,,,
,Masjid Quba,707 Haight St.,Alameda,CA,94501,N/A,,,,
,Masjid Qurtuba,1121 Huntington Drive,Monrovia,CA,91016,626-305-0077,,,,
,Masjid Rahma,7103 Burthe St,New Orleans,LA,70118,504-866-3879,,,,
,Masjid Rahmah,657 Martin Luther King Boulevard,Newark,NJ,0 7103,973-621-8833,,,,
,Masjid Rahmatillah,36 Hardy Street,Staten Island,NY,10304,718-727-7412,,,,
,Masjid Saad Foundation,5225 W. Alexis Rd,Toledo,OH,43560,419-882-3339,,,,
,Masjid Sabiqun,740 E. Washington St,Baton Rouge,LA,70802,225-387-6916,,,,
,Masjid Sacramento,2011 4th. Ave.,Sacramento,CA,95817,916-446 6323,,,,
,Masjid Sajdullah,4421-#2 Bonnell Drive,Huntsville,AL,35816,N/A,,,,
,Masjid Salafi Saalih S,1811 E Pine,Tulsa,OK,74110,N/A,,,,
,Masjid Salfia,3116 Ridge Ave,Philadelphia,PA,19121,215-232-9475,,,,
,Masjid Santa Ana,"1001 E. Grant St., Unit B-2",Santa Ana,CA,92701,714-285-1494,,,,
,Masjid Seifullah,110 South Haywood St,Raleigh,NC,27601,919-839-0710,,,,
,Masjid Shakir Dawan Inc.,2605 Ennis Ave,Fort Worth,TX,76111,N/A,,,,
,Masjid Shuhada,2648 Route 206,Mount Holly,NJ,0 8060,609-265-9310,,,,
,Masjid Sulayman,Deer Park Rd.,Greenlawn,NY,11740,631-351-5428,,,,
,Masjid Sultan Muhammad,2475 N. M.l. King Drive,Milwaukee,WI,53212,N/A,,,,
,Masjid Sunnah,1535 Pleasant Hill Rd,Kissimmee,FL,34746,407-935-0337,,,,
,Masjid Syed Hashim,7419 N. Western Ave.,Chicago,IL,60645,773-262-6680,,,,
,Masjid TA-HA,4665 Frankford Ave.,Philadelphia,PA,19604,N/A,,,,
,Masjid Taha,302 E Barcelona street,Santa Fe,NM,87505,505-795-3230,,,,
,Masjid Taqullah,4737 Village Fair Dr.,Dallas,TX,75224,214-882-8181,,,,
,Masjid Taqwa,370 North St,Rochester,NY,14605,N/A,,,,
,Masjid Taqwa,2417 N. Central Ave.,Kissimmee,FL,34741,407-944-4353,,,,
,Masjid Tawfiq,2900 N Lyndale Ave,Minneapolis,MN,55411,612-588-1160,,,,
,Masjid Tawheed,9560 Ridgehaven Ct.,San Diego,CA,92123,858-571-8405,,,,
,Masjid Tawheed,8726 S. Halted,Chicago,IL,60620,773-487-9368,,,,
,Masjid Tawheed Islamic Center and Religous Institute,325 Fuller NE,Grand,MI,49506,616-233-9587,,,,
,Masjid Tawheed Sunnah,3714 S. Alston Ave.,Durham,NC,27713,919-767-1044,,,,
,Masjid Tawhid,1557 NW5th St,Fort Lauderdale,FL,33311,N/A,,,,
,Eastside Masjid,14700 Main Street,Bellevue,WA,98004,425-746-0398,,,,
,Masjid ul Ansar,9801 Old Baymeadows Rd,Jacksonville,FL,32256,904-997 9487,,,,
,Masjid ul Haqq,514 Islamic Way,Baltimore,MD,21217,410-728-1363,,,,
,Masjid ul haqq,441 E High Street,Pottstown,PA,19464,N/A,,,,
,Masjid Ul Haqq,228 N Ellsworth Ave,San Mateo,CA,94401,650579-0429,,,,
,Masjid Ul Islam,29845 Sw 164 Place,Homestead,FL,33033,N/A,,,,
,Masjid Ul Mumineen Inc.,27140 South Dixie Hwy.,Homestead,FL,33032,305-246-5814,,,,
,Masjid Ul Sabr,936 E 128th St,Cleveland,OH,44108,N/A,,,,
,Masjid ul-Sadiq,4448 S. Wabash,Chicago,IL,60615,773-268-8281,,,,
,Masjid Umar,7 Downs ST,Kingston,NY,12401,845-338-4705,,,,
,Masjid Umar Al-Farooq,5507 238th St SW,Mountlake Terrace,WA,98043,425-776-6162,,,,
,Masjid Umar Ben Abdel Aziz,88-29 161st St,Jamaica,NY,11435,718-523-5046,,,,
,Masjid Umar bin Al-Khattab,501 Getty Avenue,Paterson,NJ,0 7503,973-941-4935,,,,
,Masjid Umar Bin Khattab,503 William Floyd Parkway,Shirley,NY,11967,631-772-5161,,,,
,Masjid Umar bin Khattab,18105 Racho Rd.,Wyandotte,MI,48192,734-281-8050,,,,
,Masjid Umar Farooq,1304 E. Hammer Lane # 7,Stockton,CA,95210,209-477-0877,,,,
,Masjid Umar Ibn Alkhattab,1025 Exposition Blvd,Los Angeles,CA,90007,323-733-9938,,,,
,Masjid Umm al-Qura,630 Coney Island Ave.,Brooklyn,NY,11218,718-871 3930,,,,
,Masjid Uqbah,2222 Stokes Blvd.,Cleveland,OH,44106,216-791 8411,,,,
,Masjid Us Salaam,2900 W. Florence Ave.,Los Angeles,CA,90043,323-758-4033,,,,
,Masjid Us Salaam,240 North Howard Street,Baltimore,MD,21201,N/A,,,,
,Masjid Usman,140-40 Beech Avenue,Flushing,NY,11355,347-368-4781,,,,
,Masjid Usman & Umi Learning Center,7126 Westview Place,Lemon Grove,CA,91945,619-667-8700,,,,
,Masjid Uthman bin Affan,154 East 55th street,New York,NY,10022,212-888-7838,,,,
,Masjid Uthman Ibn Affan,921 Broadway Ave.,Galveston,TX,77550,409-750-8555,,,,
,Masjid Victorville,16793 Merrill St,Victorville,CA,92395,760-245-6656,,,,
,"Masjid Visalia, Inc.",1317 S. Divisadero Street,Visalia,CA,93277,559-732-9973,,,,
,Masjid Wali Hasan,1807 N Edward St,Decatur,IL,62526,217-877-2863,,,,
,Masjid Wali Muhammad,11529 Linwood Ave,Detroit,MI,48206,313-868-2131,,,,
,Masjid Yahya,419 Murfreesboro Road ,Nashville,TN,37217,615-424-2450,,,,
,Masjid Yaseen,87-46 chelsea street,Fresh,NY,11432,718-883-9711,,,,
,Masjid Yusuf Shah,10 S. 2nd Ave,Mount Vernon,NY,10552,N/A,,,,
,Masjid Zakaria,182 Sobieski St,Buffalo,NY,14211,N/A,,,,
,Masjid Zakariyah,182 Sobieski Street,Buffalo,NY,14212,716-892-2606,,,,
,Masjid-Al Aman,203 Forbell Street,Brooklyn,NY,11208,718-277-3976,,,,
,Masjid-Al- Taqwa,1340 Admiral Blvd,Kansas City,MO,64106,816-842-2191,,,,
,Masjid-Al-Islah,320 Fabry Terrace,Teaneck,NJ,0 7666,201-692-3900,,,,
,Masjid-Al-Khidhr,737 County Street,New Bedford,MA,0 2740,508-967-4302,,,,
,Masjid-An-Nur,297 Lyell Avenue ,Rochester,NY,14603,585-647-6685,,,,
,Masjid-e-Basheer,234 Union Avenue,Framingham,MA,0 1702,508-879-3800,,,,
,Masjid-e-dawah,210 N. Homan Ave,Chicago,IL,60624,773-870-1595,,,,
,"Masjid-e-Hamza, Inc.",3417 Knox Place,Bronx,NY,10467,N/A,,,,
,Masjid-e-kausar,4544 N. Whipple,Chicago,IL,60625,N/A,,,,
,Masjid-e-Nabvi Islamic Center,Map 89 Brandywine Avenue,Schenectady,NY,12307,518-374-2364,,,,
,Masjid-e-Noor,6151 North Greenview Avenue,Chicago,IL,60660,773-743-9364,,,,
,Masjid-e-Noor,55 North Matlock Street,Mesa,AZ,85203,480-644-0074,,,,
,Masjid-e-rahmat,6412 N. Talman,Chicago,IL,60645,N/A,,,,
,Masjid-e-Tahoora,6526 N.Seeley,Chicago,IL,60645,773-381-3135,,,,
,Masjid-Tawheed,321 Fuller NE,Grand Rapids,MI,49503,616-233-9587,,,,
,Masjid Ul-Aala ,11951 Bissonnet ,Houston,TX,77099,281-561-9191,,,,
,Masjid-ul-Ashab,1233 Vine st,Cincinnati,OH,45202,513-328-2022,,,,
,Masjid-ul-Mumineen,8875 Benning Drive,Houston,TX,77031,832-212-3098,,,,
,Masjid/american Islamic College,640 W. Irving Park Rd,Chicago,IL,60613,N/A,,,,
,Masjidan-Noor,1755 Catherine St.,Santa Clara,CA,95050,408-246-9822,,,,
,Masjidat -Islami,2650 Memery Lane,Florence,SC,29501,843-661-5748,,,,
,masjidmuath,4001 Miller,Hamtramck,MI,48211,313-887-1868,,,,
,Mission Bend Masjid,6265 Hwy 6 South,Houston,TX,77083,281-561-8084,,,,
,Masjidu Ahlis,33 Cottage Street,Monticello,NY,12701,845-417-7457,,,,
,Masjidu At-Tasfiyah Inc,224 Front Street,Hempstead,NY,11550,N/A,,,,
,Masjidu At-Tawbah,6 Orchard St,Middletown,NY,10940,845-346-0151,,,,
,Masjidu Rrahmah,155 Baker street,Emporia,VA,23847,434-348-7866,,,,
,Masjid Ul-Bayaan,209 Bond St,Asbury,NJ,0 7712,732-318-6930,,,,
,Masjidul Ghurabaa,8220 Washington Street,Laurel,MD,20724,301-604-3295,,,,
,Masjidul Taqwa,2575 Imperial Avenue,San Diego,CA,92102,619-239-6738,,,,
,Detroit Masjid,17346 Plainview Ave,Detroit,MI,48219,313-532-3519,,,,
,Masjidullah,2211 North Ave,Richmond,VA,23222,804-321-8864,,,,
,Masjidullah,321 Grant Avenue,Plainfield,NJ,0 7060,908-561-6797,,,,
,"Masjidullah, Inc.",7700 Ogontz Avenue,Philadelphia,PA,19150,215-424-8022,,,,
,Masjidun Lil Hamidulillah,724 Shawmut Ave,Boston,MA,0 2119,617-442-2805,,,,
,Masjid Un-Nur,1231 Mechanic Street,Camden,NJ,0 8104,856-365-1551,,,,
,Masjidun-Nur,11311 Mound Road,Hamtramck,MI,48212,313-892-5450,,,,
,Masjidur-rahim,1238 N. Johnson St.,New Orleans,LA,70116,504-827-5807,,,,
,Masjidus Saaliheen,72-55 Kissena Blvd.,Flushing,NY,11367,718-544-8218,,,,
,"Masjidus Sabur, Inc.",2250 Seventh Avenue,New York,NY,10027,212-694-2863,,,,
,Masjidut-Taqwa,1001 E State St,Trenton,NJ,0 8609,609-392-3303,,,,
,Masjit Umatul,3015 2nd Ave. South,Minneapolis,MN,55408,612-825-1678,,,,
,Masom Masjid,4353 West Lawrence Avenue,Chicago,IL,60630,773-283-9718,,,,
,MCC Masjid & Expansion Committee,8601 Menard Avenue,Morton Grove,IL,60053,847-581-9410,,,,
,Mecca Masjid,6246 hwy 6 south,Houston,TX,77083,281-564 8383,,,,
,Miami Gardens Masjid,4305 NW 183RD ST,Miami,FL,33055,305-624-5555,,,,
,Mid Hudson Islamic Association,125 All Angels Hill Road,Wappingers Falls,NY,12590,845-297-0882,,,,
,Masjid Jameul Uloom,73 Croton Avenue,Ossining,NY,10562,N/A,,,,
,Masjid Al-Huda,1081 W. Irving Park,Schaumburg,IL,60193,630-529-1786,,,,
,Masjid-Al-Huda,1081 W Irving Park Rd,Schaumburg,IL,60194,630-894-9650,,,,
,Midwest Islamic Foundation,16617 Polk Street,Omaha,NE,68135,N/A,,,,
,Mission Bend - Hamza Masjid,6233 Tres Lagunas,Houston,TX,77083,281-575-9554,,,,
,Mobile Masjid Al-Islam,1559 Duval St,Mobile,AL,36605,205-473-4100,,,,
,Monterey Mosque,405 Elm Avenue,Seaside,CA,93955,831-899-2969,,,,
,Mosque Foundation,7360 W 93rd St,Bridgeview,IL,60455,708-430-5666,,,,
,Mosque Of Islamic Brotherhood Inc.,130 West 113th Street,New York,NY,10026,212-662-4100,,,,
,Mosque Of Umar,11405 S Michigan Ave,Chicago,IL,60628,773-660-0399,,,,
,Muhammadi Masjid,681 Elmont Rd,Elmont,NY,11003,516-285-3439,,,,
,Masjid ArRahmah,"18001 NE 76th St, Suite 105",Redmond,WA,98052,425-458-2419,,,,
,Muslim Association of Mississippi,900 N. Frontage Road,Meridian,MS,39301,601-483-3074,,,,
,Muslim Association of Lehigh Valley,1988 Schadt Avenue,Whitehall,PA,18052,610-799-6223,,,,
,Muslim Association of Cleveland East,25900 Chardon Road,Richmond Heights,OH,44143,216-261-1413,,,,
,Muslim Association of Arkansas,3707 West Hepburn Street,Pine Bluff,AR,71603,870-536-8413,,,,
,Muslim Association of Virginia,5404 Hoadly Road,Manassas,VA,20112,703-580-0808,,,,
,Muslim Center of Somerset County,63 Southside Ave,Somerville,NJ,0 8876,908-231-1263,,,,
,Masjid Al Taqwa,4836 S Mount Vernon Dr.,Indianapolis,IN,46227,N/A,,,,
,Muslim Community Center of Greater San Diego,12788 Rancho Penasquitos Blvd.,San Diego,CA,92129,858-484-0074,,,,
,Masjid Ar-Razaq,232/234 Pavillion Ave,Providence,RI,0 2905,401-467-0011,,,,
,Masjid Ar-Rahman,8910 Old Cedar Rd,Bloomington,MN,55425,952-883-0044,,,,
,Muslim Community Mosque,1818 N 32nd Street,Phoenix,AZ,85008,602-306-4959,,,,
,Muslim Community Of New Jersey - Woodbridge,"15 South, 2nd Street",Fords,NJ,0 8863,732-738-5100,,,,
,Muslim Community Organization,3536 Atlantic Avenue,Atlantic City,NJ,0 8401,609-344-1786,,,,
,Muslim Ctr. Of Beloit,1879 Park Ave,Beloit,WI,53511,608-365-7780,,,,
,Muslim Majlis,104 Rhine Avenue,Staten Island,NY,10304,718-442-6674,,,,
,Muslim Mosque Assoc. of America,411 V Street,Sacramento,CA,95818,916-443-5167,,,,
,Muslim Society,201 Front Street,Owatonna,MN,55060,507-214-1510,,,,
,Muslim Society of RI - Masjid Al-Rahman,18 Dunnell Lane E,Pawtucket,RI,0 2861,401-729-0745,,,,
,Muslim Unity Center of Bloomfield Hills,1830 W Square Lake Road,Bloomfield Hills,MI,48302,248-857-9200,,,,
,"Muslims on Long Island, Inc.",320 Central Avenue,Bethpage,NY,11714,516-433-4141,,,,
,Mussala Al-Faiza,36 NE 3rd Avenue,Miami,FL,33131,305-373-1106,,,,
,Mustafa Center Masjid,6844 Braddock Road,Annandale,VA,22003,703-658-7134,,,,
,Nasfat Masjid,9360 Kegan Road,Houston,TX,77099,281-879-0062,,,,
,National Islamic Association,239 Roseville Ave,Newark,NJ,0 7107,973-482-8996,,,,
,New Brunswick Islamic Center (masjid-ul Huda),"167 Remsen Ave, P.o.box 481",New Brunswick,NJ,0 8903,732-214-1547,,,,
,Nigerian American Islamic Mission,103 14th Avenue,Newark,NJ,0 7103,973-622-6246,,,,
,Masjid Ar-Rahman,396 Harvard Street,Boston,MA,0 2124,978-835-5257,,,,
,Masjid An-Nour,518 Green St.,Norristown,PA,19401,610-306 7119,,,,
,Norristown Masjid,931 Green St,Norristown,PA,N/A,215-368-3967,,,,
,North Austin Muslim Community Center,11900 North Lamar Blvd.,Austin,TX,78758,512 491-7148,,,,
,Masjid Al-Salaam,1425 Main Street,Dunedin,FL,34698,727-656-4007,,,,
,North Raleigh Masjid,8480 Garvey Dr.,Raleigh,NC,27616,N/A,,,,
,North Shore Masjid,13818 Brownsville Street,Houston,TX,77015,713-455-0786,,,,
,Northern Nevada Muslim Community,1857 Oddie Blvd,Reno,NV,89431,775-351-1857,,,,
,"Northside Mosque of Chicago, Inc.",1017 W Roscoe St,Chicago,IL,60657,773-381-0408,,,,
,Nur Ul Islam of South Florida Inc.,10600 SW 59th Street,Fort Lauderdale,FL,33328,954-434-3855,,,,
,Oglethorpe Masjid,1112 Oglethorpe St.,Atlanta,GA,30310,N/A,,,,
,Olympia-Lacey Islamic Center,7945 Pacific Avenue Southeast,Lacey,WA,98503,360-438-3570,,,,
,Omar Al-farooq Mosque,5507 238th St. Sw,Mountlake Terrace,WA,98043,425-776-6162,,,,
,Orange County Islamic Foundation,23581 Madero Drive,Mission Viejo,CA,92691,949-595-0480,,,,
,ParkChester Jame Masjid,1203 Virginia Ave,Bronx,NY,10472,718-828-4194,,,,
,Prince George's Muslim Association,9150 Lanham-Severn Rd.,Lanham,MD,20706,301-459-4942,,,,
,Princeton Masjid,"C-358, Concord College, Athens",Princeton,WV,24740,N/A,,,,
,Pullman Islamic Ctr (Masjid Al Farouq),NE 1155 Stadium Way,Pullman,WA,99163,509-334-9424,,,,
,Quran Center,8044 Ray Mears Rd Ste 110,Knoxville,TN,37919,865-521-7030,,,,
,Refugees Masjid,5767 Phoenix Ave,Dallas,TX,75231,214-336-7910,,,,
,Roscoe Masjid,1017 W Roscoe St,Chicago,IL,60657,N/A,,,,
,Roseville Masjid,"201 Berkeley Ave, Suite C",Roseville,CA,95678,N/A,,,,
,Salman Al-Farisi Islamic Center,610 NW Kings Blvd.,Corvallis,OR,97330,541-758-0329,,,,
,San Marcos Masjid,434 Comanche St.,San Marcos,TX,78666,N/A,,,,
,San Ramon Valley Islamic Center,2232B Camino Ramon,San Ramon,CA,94583,925-866-7088,,,,
,Savoy Masjid,11246 S. Wilcrest,Houston,TX,77083,281-568-6615,,,,
,SBIA - Evergreen Islamic Center,"2486, Ruby Avenue",San Jose,CA,95148,408-239-6668,,,,
,Shamsuddin Masjid & Library,365 N. E. 167 Street,Miami,FL,33162,786-428-0005,,,,
,Shaw University Mosque,122 Martin Luther King Blvd,Raleigh,NC,27601,919-749-7568,,,,
,Sherif Shamaa,1943 N Riverwood drive,Shelbyville,IN,46176,317-398-4857,,,,
,Slidell Masjid Of Al-islam,37482 Browns Village Rd,Slidell,LA,70460,985-649-3693,,,,
,Somerset Masjid,1600 walters millsrd.,Somerset,PA,15510,814-258-4598,,,,
,South Bay Islamic Association,325 North 3rd Street,Sunnyvale,CA,95112,408-947-9389,,,,
,South Bend Masjid,1125 W Thomas,Fort Wayne,IN,46825,N/A,,,,
,South Valley Islamic Community,14770 Columbet Avenue,Gilroy,CA,95038,408-535-0112,,,,
,Sri Lanka Masjid,6412 N Hamilton Avenue,Chicago,IL,60645,773-761-0469,,,,
,Stamford Islamic Center,10 Outlook St,Stamford,CT,0 6902,203-975-2642,,,,
,State College Masjid,709 Ridge Avenue,University Park,PA,16803,814-238-2079,,,,
,Staten Island Islamic Masjid,117 Vanduzer Street,Staten Island,NY,10301,N/A,,,,
,Stockton Student Mosque,1219 W El Monte St,Stockton,CA,95207,209-474-3184,,,,
,Suffolk Islamic Center Inc.,240 Ronkonkoma Ave,Ronkonkoma,NY,11779,631-645-4997,,,,
,Sunnat-ul-Jamaat of NY Inc.,112-03 101 Ave.,South Richmond Hill,NY,11419,N/A,,,,
,Sunnatullah Masjid,354 Hunter St,Ossining,NY,10562,N/A,,,,
,Sunni Masjid,3303 W. Balmoral # B,Chicago,IL,60625,773-539-9480,,,,
,Sunnyside Woodside Jame Masjid,47-53 46,Woodside,NY,11377,718-786-4677,,,,
,Ta-Ha masjid,4665 Frankford ave.,Philadelphia,PA,19124,N/A,,,,
,Tahoora masjid,2345 W Devon Ave,Chicago,IL,60659,773-743-7272,,,,
,Tampa Masjid,8424 Tampa Ave,Northridge,CA,91324,818-360-3500,,,,
,Tawfiiq Islamic Center,2900 Lyndale Avenue North,Minneapolis,MN,55411,612-588-1160,,,,
,Tawheed Center,29707 W. 10 Mile Rd,Farmington,MI,48336,248-426-7360,,,,
,Tawheed Center of Detroit School and Masjid,18624 West Warren Avenue,Detroit,MI,48228,313-271-0267,,,,
,Tawheed Islamic Center,8726 South Halsted Street,Chicago,IL,60620,N/A,,,,
,Texas City Masjid,4926 FM 1765,Texas City,TX,77590,409-908-9702,,,,
,Thayba Islamic Center,2165 Coney Island Avenue,Brooklyn,NY,11223,718-382-3949,,,,
,The Germantown Masjid,4944 Germantown Ave,Philadelphia,PA,19144,215-848-2615,,,,
,Masjid Al-Huda,1065 E. Boutz RD,Las Cruces,NM,88001,505-522-3363,,,,
,The Islamic Center/ Masjid Alfalah,42-12 National Street,Corona,NY,11368,718-476-7968,,,,
,The Islamic Community of Greater Killeen,5600 Hyw 195 South Fort Hood St.,Killeen,TX,76542,254-634-8799,,,,
,The Islamic Community of Salinas,333 Capitol Street,Salinas,CA,93901,831-422-0900,,,,
,The Masjid Nur Ahl-Us Sunnah Islamic Center,21th & 23 8th Street Estate Thomas,St Thomas,VI,00 804,340-776-3097,,,,
,The Muslim Association of Virginia,5404 Hoadly Road,Woodbridge,VA,22193,703-580-0808,,,,
,The Muslim Community Center of Philadelphia,3130 N. Broad Street,Philadelphia,PA,19132,267-259-2209,,,,
,The Muslim House Inc.,804 M. L. King Ave,Flint,MI,48505,810-210-9890,,,,
,The New Brunswick Islamic Center - Masjid Al Huda,167 Remsen Avenue,New Brunswick,NJ,0 8901,732-214-1547,,,,
,The Prayer Center of Orland Park,16530 S. 104th Ave,Orland Park,IL,60467,708-349-6592,,,,
,Toledo Masjid of Al-Islam,828 Ewing St,Toledo,OH,43607,419-241-9522,,,,
,Tracy Islamic Center,11299 Larch Road,Tracy,CA,95304,209-830-6286,,,,
,Tuskegee Islamic Community/ Tuskegee Masjid,1508 Adam St.,Tuskegee Institute,AL,36088,334-727-9936,,,,
,Tuskgee Masjid,1103 South Main St.,Tuskegee Institute,AL,36083,334-724-9837,,,,
,Umar Masjid,230 Neptune Ave.,Brooklyn,NY,11230,718-648-0887,,,,
,UMSA-Masjid Sahwa,4913 N. Whipple,Chicago,IL,60625,773-539-7748,,,,
,United Islamic Association of Lancaster County (UIALC),739 West Vine Street,Lancaster,PA,17603,717-391-6211,,,,
,United Muslim Masjid,810 South 15th Street,Philadelphia,PA,19146,215-546-6555,,,,
,"United Muslim Masjid, Inc. (Masjid Rahman)",132 Prospect Street,Waterbury,CT,0 6710,203-756-6365,,,,
,Unity Center of Santa Clarita,22607 6th Street,Santa Clarita,CA,91321,661-259-9008,,,,
,University Masjid,2018 Rouse Rd.,Orlando,FL,32817,407-273-8363,,,,
,University of Bridgeport Masjid,170 Lafayette st,Bridgeport,CT,0 6606,203-526-1239,,,,
,Upper Westchester Muslim Society,401 Claremont Ave.,Thornwood,NY,10594,914-747-2955,,,,
,USAF Academy Masjid At-Tauheed,2348 Sijan Dr Suite 100,U S A F Academy,CO,80840,719-333-2636,,,,
,UT Campus - Downtown Masjid,1906 Nueces ST.,Austin,TX,78705,512-926-9221,,,,
,VICTORIA ISLAMIC CENTER,201 - East Airline,Victoria,TX,77901,361-575-1001,,,,
,Muhammad Mosque,4443 Old Spanish Trail,Houston,TX,77021,713-741-2747,,,,
,Saudi Masjid),6245 Renwick #4461,Houston,TX,77081,713-667-3977,,,,
,Vietnamese Muslim Community,"515 W. Valencia Dr., Suite H",Fullerton,CA,92832,714-525-0135,,,,
,Wallen Masjid and Madrasah,1709 West Wallen Avenue,Chicago,IL,60626,773 -764-8056,,,,
,Warren Area Musella,138 Reo Boulevard North West,Warren,OH,44483,330-299-0272,,,,
,Wayne County Islamic Society,522S. Slocomb St.,Goldsboro,NC,27532,919-734-1933,,,,
,West Bank Muslim Association,448 Realty Rd.,Gretna,LA,70056,504-392-3425,,,,
,West Bronx Jame Masjid and Islamic Center of America,2123 Grand Avenue,Bronx,NY,10453,718-329-5352,,,,
,West Sacramento Islamic Center,700 Glide Ave.,West Sacramento,CA,95691,916-372-9031,,,,
,West Valley Muslim Association,12370 Saratoga Sunnyvale Road,Saratoga,CA,95070,N/A,,,,
,Westchester Muslim Center,22 Brookfield Road,Mount Vernon,NY,10552,914-668-8786,,,,
,Williamsport Islamic Center,1663 Memorial Avenue,Williamsport,PA,17701,570-321-7520,,,,
,Youngstown Masjid,131 W Woodland Ave,Youngstown,OH,44502,N/A,,,,
,Zubaida Foundation (Masjid),855 Big Oak Road,Yardley,PA,19067,215-736-1526,,,,
,Masjid Al Ikhlas,25 Washington Terrace,Newburgh,NY,12550,845-561-5610,,,,
,,,,,,,,,,
,,,,,,,,,,
,,,,,,,,,,
,,,,,,,,,,
,,,,,,,,,,
,,,,,,,,,,
,,,,,,,,,,
,,,,,,,,,,
,,,,,,,,,,
,,,,,,,,,,
,,,,,,,,,,
,,,,,,,,,,
,,,,,,,,,,
,,,,,,,,,,
,,,,,,,,,,
,,,,,,,,,,